name,type,description,antibiotic,sequence,type1,type2,type3a,type3b,type4a,type4b,type5,type6,type7,type8a,type8b
pRO111,2,TET07-pCYC1,Chloramphenicol,TCGCTCTGCTAATCCTGTTACCAGTGGCTGCTGCCAGTGGCGATAAGTCGTGTCTTACCGGGTTGGACTCAAGACGATAGTTACCGGATAAGGCGCAGCGGTCGGGCTGAACGGGGGGTTCGTGCACACAGCCCAGCTTGGAGCGAACGACCTACACCGAACTGAGATACCTACAGCGTGAGCTATGAGAAAGCGCCACGCTTCCCGAAGGGAGAAAGGCGGACAGGTATCCGGTAAGCGGCAGGGTCGGAACAGGAGAGCGCACGAGGGAGCTTCCAGGGGGAAACGCCTGGTATCTTTATAGTCCTGTCGGGTTTCGCCACCTCTGACTTGAGCGTCGATTTTTGTGATGCTCGTCAGGGGGGCGGAGCCTATGGAAAAACGCCAGCAACGCGGCCTTTTTACGGTTCCTGGCCTTTTGCTGGCCTTTTGCTCACATGTTCTTTCCTGCGTTATCCCCTGATTCTGTGGATAACCGTAGTCGGTCTCAAACGAATTCCTCGATCGAGTTTACCACTCCCTATCAGTGATAGAGAAAAGTGAAAGTCGAGTTTACCACTCCCTATCAGTGATAGAGAAAAGTGAAAGTCGAGTTTACCACTCCCTATCAGTGATAGAGAAAAGTGAAAGTCGAGTTTACCACTCCCTATCAGTGATAGAGAAAAGTGAAAGTCGAGTTTACCACTCCCTATCAGTGATAGAGAAAAGTGAAAGTCGAGTTTACCACTCCCTATCAGTGATAGAGAAAAGTGAAAGTCGAGTTTACCACTCCCTATCAGTGATAGAGAAAAGTGAAAGTCGAGCTCGGTACCCTATGGCATGCATGTGCTCTGTATGTATATAAAACTCTTGTTTTCTTCTTTTCTCTAAATATTCTTTCCTTATACATTAGGTCCTTTGTAGCATAAATTACTATACTTCTATAGACACGCAAACACAAATACACACACTAAATTACCGGATCAATTCGTATGTGAGACCAGACCAATAAAAAACGCCCGGCGGCAACCGAGCGTTCTGAACAAATCCAGATGGAGTTCTGAGGTCATTACTGGATCTATCAACAGGAGTCCAAGCGAGCTCGATATCAAATTACGCCCCGCCCTGCCACTCATCGCAGTACTGTTGTAATTCATTAAGCATTCTGCCGACATGGAAGCCATCACAAACGGCATGATGAACCTGAATCGCCAGCGGCATCAGCACCTTGTCGCCTTGCGTATAATATTTGCCCATGGTGAAAACGGGGGCGAAGAAGTTGTCCATATTGGCCACGTTTAAATCAAAACTGGTGAAACTCACCCAGGGATTGGCTGAAACGAAAAACATATTCTCAATAAACCCTTTAGGGAAATAGGCCAGGTTTTCACCGTAACACGCCACATCTTGCGAATATATGTGTAGAAACTGCCGGAAATCGTCGTGGTATTCACTCCAGAGCGATGAAAACGTTTCAGTTTGCTCATGGAAAACGGTGTAACAAGGGTGAACACTATCCCATATCACCAGCTCACCGTCTTTCATTGCCATACGAAATTCCGGATGAGCATTCATCAGGCGGGCAAGAATGTGAATAAAGGCCGGATAAAACTTGTGCTTATTTTTCTTTACGGTCTTTAAAAAGGCCGTAATATCCAGCTGAACGGTCTGGTTATAGGTACATTGAGCAACTGACTGAAATGCCTCAAAATGTTCTTTACGATGCCATTGGGATATATCAACGGTGGTATATCCAGTGATTTTTTTCTCCATTTTAGCTTCCTTAGCTCCTGAAAATCTCGATAACTCAAAAAATACGCCCGGTAGTGATCTTATTTCATTATGGTGAAAGTTGGAACCTCTTACGTGCCCGATCAATCATGACCAAAATCCCTTAACGTGAGTTTTCGTTCCACTGAGCGTCAGACCCCGTAGAAAAGATCAAAGGATCTTCTTGAGATCCTTTTTTTCTGCGCGTAATCTGCTGCTTGCAAACAAAAAAACCACCGCTACCAGCGGTGGTTTGTTTGCCGGATCAAGAGCTACCAACTCTTTTTCCGAAGGTAACTGGCTTCAGCAGAGCGCAGATACCAAATACTGTTCTTCTAGTGTAGCCGTAGTTAGGCCACCACTTCAAGAACTCTGTAGCACCGCCTACATACC,0,1,0,0,0,0,0,0,0,0,0
pRO112,3,TET3G,Chloramphenicol,AAAATACGCCCGGTAGTGATCTTATTTCATTATGGTGAAAGTTGGAACCTCTTACGTGCCCGATCAATCATGACCAAAATCCCTTAACGTGAGTTTTCGTTCCACTGAGCGTCAGACCCCGTAGAAAAGATCAAAGGATCTTCTTGAGATCCTTTTTTTCTGCGCGTAATCTGCTGCTTGCAAACAAAAAAACCACCGCTACCAGCGGTGGTTTGTTTGCCGGATCAAGAGCTACCAACTCTTTTTCCGAAGGTAACTGGCTTCAGCAGAGCGCAGATACCAAATACTGTTCTTCTAGTGTAGCCGTAGTTAGGCCACCACTTCAAGAACTCTGTAGCACCGCCTACATACCTCGCTCTGCTAATCCTGTTACCAGTGGCTGCTGCCAGTGGCGATAAGTCGTGTCTTACCGGGTTGGACTCAAGACGATAGTTACCGGATAAGGCGCAGCGGTCGGGCTGAACGGGGGGTTCGTGCACACAGCCCAGCTTGGAGCGAACGACCTACACCGAACTGAGATACCTACAGCGTGAGCTATGAGAAAGCGCCACGCTTCCCGAAGGGAGAAAGGCGGACAGGTATCCGGTAAGCGGCAGGGTCGGAACAGGAGAGCGCACGAGGGAGCTTCCAGGGGGAAACGCCTGGTATCTTTATAGTCCTGTCGGGTTTCGCCACCTCTGACTTGAGCGTCGATTTTTGTGATGCTCGTCAGGGGGGCGGAGCCTATGGAAAAACGCCAGCAACGCGGCCTTTTTACGGTTCCTGGCCTTTTGCTGGCCTTTTGCTCACATGTTCTTTCCTGCGTTATCCCCTGATTCTGTGGATAACCGTAGTCGGTCTCATATGTCCCGTCTTGATAAGAGTAAGGTTATCAACTCAGCCCTAGAGCTGCTGAACGGCGTCGGAATCGAGGGGCTTACTACCAGAAAACTAGCACAGAAACTGGGTGTAGAGCAGCCCACGCTTTACTGGCATGTTAAAAATAAGAGAGCACTATTAGACGCGTTGCCGATCGAAATGTTGGATAGGCATCACACACACTCATGCCCTTTAGAAGGAGAAAGTTGGCAGGATTTTCTGAGAAATAATGCGAAGTCTTATCGTTGTGCGTTACTTTCCCACAGGGACGGTGCTAAAGTACATTTGGGAACTAGACCAACTGAAAAACAATATGAGACATTGGAGAACCAACTGGCCTTCTTATGCCAACAGGGTTTCAGTCTTGAGAACGCCCTTTACGCCCTTTCAGCGGTTGGGCACTTCACTCTTGGTTGCGTCTTGGAAGAGCAGGAGCATCAAGTAGCAAAAGAGGAGCGTGAAACCCCCACAACAGACTCCATGCCCCCTCTATTGAAGCAAGCTATCGAATTATTCGACCGTCAAGGAGCGGAACCAGCATTTTTATTTGGCTTAGAATTGATTATTTGTGGGTTAGAAAAACAACTAAAGTGTGAGAGCGGTGGACCGACAGACGCTCTTGATGATTTTGACTTGGATATGTTACCCGCCGACGCTTTGGACGACTTCGATTTGGATATGCTGCCTGCGGATGCACTAGATGATTTCGATCTGGACATGTTACCGGGTGGATCCTGAGACCAGACCAATAAAAAACGCCCGGCGGCAACCGAGCGTTCTGAACAAATCCAGATGGAGTTCTGAGGTCATTACTGGATCTATCAACAGGAGTCCAAGCGAGCTCGATATCAAATTACGCCCCGCCCTGCCACTCATCGCAGTACTGTTGTAATTCATTAAGCATTCTGCCGACATGGAAGCCATCACAAACGGCATGATGAACCTGAATCGCCAGCGGCATCAGCACCTTGTCGCCTTGCGTATAATATTTGCCCATGGTGAAAACGGGGGCGAAGAAGTTGTCCATATTGGCCACGTTTAAATCAAAACTGGTGAAACTCACCCAGGGATTGGCTGAAACGAAAAACATATTCTCAATAAACCCTTTAGGGAAATAGGCCAGGTTTTCACCGTAACACGCCACATCTTGCGAATATATGTGTAGAAACTGCCGGAAATCGTCGTGGTATTCACTCCAGAGCGATGAAAACGTTTCAGTTTGCTCATGGAAAACGGTGTAACAAGGGTGAACACTATCCCATATCACCAGCTCACCGTCTTTCATTGCCATACGAAATTCCGGATGAGCATTCATCAGGCGGGCAAGAATGTGAATAAAGGCCGGATAAAACTTGTGCTTATTTTTCTTTACGGTCTTTAAAAAGGCCGTAATATCCAGCTGAACGGTCTGGTTATAGGTACATTGAGCAACTGACTGAAATGCCTCAAAATGTTCTTTACGATGCCATTGGGATATATCAACGGTGGTATATCCAGTGATTTTTTTCTCCATTTTAGCTTCCTTAGCTCCTGAAAATCTCGATAACTCAA,0,0,1,1,0,0,0,0,0,0,0
pRO113,4a,AID,Chloramphenicol,CTACATACCTCGCTCTGCTAATCCTGTTACCAGTGGCTGCTGCCAGTGGCGATAAGTCGTGTCTTACCGGGTTGGACTCAAGACGATAGTTACCGGATAAGGCGCAGCGGTCGGGCTGAACGGGGGGTTCGTGCACACAGCCCAGCTTGGAGCGAACGACCTACACCGAACTGAGATACCTACAGCGTGAGCTATGAGAAAGCGCCACGCTTCCCGAAGGGAGAAAGGCGGACAGGTATCCGGTAAGCGGCAGGGTCGGAACAGGAGAGCGCACGAGGGAGCTTCCAGGGGGAAACGCCTGGTATCTTTATAGTCCTGTCGGGTTTCGCCACCTCTGACTTGAGCGTCGATTTTTGTGATGCTCGTCAGGGGGGCGGAGCCTATGGAAAAACGCCAGCAACGCGGCCTTTTTACGGTTCCTGGCCTTTTGCTGGCCTTTTGCTCACATGTTCTTTCCTGCGTTATCCCCTGATTCTGTGGATAACCGTAGTCGGTCTCAATCCCGTACGCTGCAGGTCGACGGTGCAGGCGCCGGGGCTGGTGCTGGGGCAGGTACCCCTAAAGATCCAGCCAAACCTCCGGCCAAGGCACAAGTTGTGGGATGGCCACCGGTGAGATCATACCGGAAGAACGTGATGGTTTCCTGCCAAAAATCAAGCGGTGGCCCGGAGGCGGCGGCGTTCGTGAAGGTATCACCCGGGGCTAGTGGTTAATGGCTGAGACCAGACCAATAAAAAACGCCCGGCGGCAACCGAGCGTTCTGAACAAATCCAGATGGAGTTCTGAGGTCATTACTGGATCTATCAACAGGAGTCCAAGCGAGCTCGATATCAAATTACGCCCCGCCCTGCCACTCATCGCAGTACTGTTGTAATTCATTAAGCATTCTGCCGACATGGAAGCCATCACAAACGGCATGATGAACCTGAATCGCCAGCGGCATCAGCACCTTGTCGCCTTGCGTATAATATTTGCCCATGGTGAAAACGGGGGCGAAGAAGTTGTCCATATTGGCCACGTTTAAATCAAAACTGGTGAAACTCACCCAGGGATTGGCTGAAACGAAAAACATATTCTCAATAAACCCTTTAGGGAAATAGGCCAGGTTTTCACCGTAACACGCCACATCTTGCGAATATATGTGTAGAAACTGCCGGAAATCGTCGTGGTATTCACTCCAGAGCGATGAAAACGTTTCAGTTTGCTCATGGAAAACGGTGTAACAAGGGTGAACACTATCCCATATCACCAGCTCACCGTCTTTCATTGCCATACGAAATTCCGGATGAGCATTCATCAGGCGGGCAAGAATGTGAATAAAGGCCGGATAAAACTTGTGCTTATTTTTCTTTACGGTCTTTAAAAAGGCCGTAATATCCAGCTGAACGGTCTGGTTATAGGTACATTGAGCAACTGACTGAAATGCCTCAAAATGTTCTTTACGATGCCATTGGGATATATCAACGGTGGTATATCCAGTGATTTTTTTCTCCATTTTAGCTTCCTTAGCTCCTGAAAATCTCGATAACTCAAAAAATACGCCCGGTAGTGATCTTATTTCATTATGGTGAAAGTTGGAACCTCTTACGTGCCCGATCAATCATGACCAAAATCCCTTAACGTGAGTTTTCGTTCCACTGAGCGTCAGACCCCGTAGAAAAGATCAAAGGATCTTCTTGAGATCCTTTTTTTCTGCGCGTAATCTGCTGCTTGCAAACAAAAAAACCACCGCTACCAGCGGTGGTTTGTTTGCCGGATCAAGAGCTACCAACTCTTTTTCCGAAGGTAACTGGCTTCAGCAGAGCGCAGATACCAAATACTGTTCTTCTAGTGTAGCCGTAGTTAGGCCACCACTTCAAGAACTCTGTAGCACCGC,0,0,0,0,1,0,0,0,0,0,0
pRO117,3,mNeonGreen,Chloramphenicol,TCGGTCTCATATGGTTTCAAAAGGGGAGGAGGATAATATGGCGAGTCTTCCTGCCACGCATGAGCTGCATATCTTCGGATCTATTAATGGTGTCGACTTTGATATGGTAGGACAAGGAACCGGGAACCCCAATGACGGGTATGAAGAGCTAAATCTAAAGAGTACAAAAGGAGATTTACAGTTTTCTCCTTGGATACTTGTTCCCCACATTGGATATGGATTTCATCAATATCTTCCTTATCCAGACGGAATGAGCCCGTTCCAGGCCGCTATGGTTGACGGCTCCGGGTATCAAGTACACCGTACCATGCAGTTTGAGGATGGGGCATCCCTGACCGTAAATTACAGGTACACCTACGAGGGCTCACACATAAAGGGTGAGGCGCAGGTAAAGGGTACTGGATTTCCTGCGGACGGCCCAGTAATGACAAATTCACTTACAGCAGCGGATTGGTGCAGGAGCAAAAAGACCTATCCCAATGACAAAACTATCATAAGTACCTTTAAATGGTCCTATACGACAGGTAACGGGAAGAGATATAGGTCAACGGCAAGGACAACGTATACTTTCGCGAAGCCAATGGCAGCAAACTATCTGAAGAATCAACCTATGTACGTGTTCAGAAAGACCGAGTTGAAACATTCCAAGACAGAGTTAAATTTCAAAGAATGGCAAAAGGCTTTTACTGACGTAATGGGGATGGATGAATTGTATAAGGGATCCTGAGACCagaccaataaaaaacgcccggcggcaaccgagcgttctgaacaaatccagatggagttctgaggtcattactggatctatcaacaggagtccaagcgagctcgatatcaaattacgccccgccctgccactcatcgcagtactgttgtaattcattaagcattctgccgacatggaagccatcacaaacggcatgatgaacctgaatcgccagcggcatcagcaccttgtcgccttgcgtataatatttgcccatggtgaaaacgggggcgaagaagttgtccatattggccacgtttaaatcaaaactggtgaaactcacccagggattggctgaaacgaaaaacatattctcaataaaccctttagggaaataggccaggttttcaccgtaacacgccacatcttgcgaatatatgtgtagaaactgccggaaatcgtcgtggtattcactccagagcgatgaaaacgtttcagtttgctcatggaaaacggtgtaacaagggtgaacactatcccatatcaccagctcaccgtctttcattgccatacgaaattccggatgagcattcatcaggcgggcaagaatgtgaataaaggccggataaaacttgtgcttatttttctttacggtctttaaaaaggccgtaatatccagctgaacggtctggttataggtacattgagcaactgactgaaatgcctcaaaatgttctttacgatgccattgggatatatcaacggtggtatatccagtgatttttttctccattttagcttccttagctcctgaaaatctcgataactcaaaaaatacgcccggtagtgatcttatttcattatggtgaaagttggaacctcttacgtgcccgatcaatcatgaccaaaatcccttaacgtgagttttcgttccactgagcgtcagaccccgtagaaaagatcaaaggatcttcttgagatcctttttttctgcgcgtaatctgctgcttgcaaacaaaaaaaccaccgctaccagcggtggtttgtttgccggatcaagagctaccaactctttttccgaaggtaactggcttcagcagagcgcagataccaaatactgttcttctagtgtagccgtagttaggccaccacttcaagaactctgtagcaccgcctacatacctcgctctgctaatcctgttaccagtggctgctgccagtggcgataagtcgtgtcttaccgggttggactcaagacgatagttaccggataaggcgcagcggtcgggctgaacggggggttcgtgcacacagcccagcttggagcgaacgacctacaccgaactgagatacctacagcgtgagctatgagaaagcgccacgcttcccgaagggagaaaggcggacaggtatccggtaagcggcagggtcggaacaggagagcgcacgagggagcttccagggggaaacgcctggtatctttatagtcctgtcgggtttcgccacctctgacttgagcgtcgatttttgtgatgctcgtcaggggggcggagcctatggaaaaacgccagcaacgcggcctttttacggttcctggccttttgctggccttttgctcacatgttctttcctgcgttatcccctgattctgtggataaccgtag,0,0,1,1,0,0,0,0,0,0,0
pRO129,3,rtTA3,Chloramphenicol,GGTCTCATATGAGTCGTTTAGATAAATCCAAGGTTATAAACGGCGCACTAGAACTGCTTAATGGCGTTGGTATCGAAGGTCTGACTACGAGGAAGTTAGCACAGAAACTTGGGGTCGAGCAGCCCACGCTGTATTGGCACGTAAAGAACAAGAGAGCGCTATTAGATGCCCTACCAATAGAGATGTTAGATAGACACCATACTCATTTTTGCCCGCTTGAGGGGGAAAGCTGGCAAGACTTTTTAAGAAATAATGCAAAGAGTTACAGGTGCGCTCTTCTTTCACATAGGGATGGGGCAAAGGTACACTTAGGTACGAGGCCAACCGAGAAACAGTATGAAACACTAGAAAACCAACTTGCTTTTTTATGCCAACAGGGTTTCAGTCTTGAGAATGCACTTTATGCCCTTAGCGCAGTCGGGCACTTTACGTTGGGTTGCGTCCTAGAGGAGCAGGAACATCAAGTCGCAAAAGAGGAACGTGAGACACCGACTACTGATAGTATGCCCCCGTTATTACGTCAGGCAATAGAACTATTTGACCGTCAAGGGGCGGAACCGGCTTTTCTTTTTGGCCTGGAGCTAATTATTTGTGGGCTGGAGAAGCAACTGAAGTGCGAAAGTGGTGGGCCAACTGACGCGCTAGATGATTTCGATCTTGATATGTTACCTGCAGATGCACTAGATGACTTTGATTTAGACATGTTGCCTGGAGGATCCTGAGACCagaccaataaaaaacgcccggcggcaaccgagcgttctgaacaaatccagatggagttctgaggtcattactggatctatcaacaggagtccaagcgagctcgatatcaaattacgccccgccctgccactcatcgcagtactgttgtaattcattaagcattctgccgacatggaagccatcacaaacggcatgatgaacctgaatcgccagcggcatcagcaccttgtcgccttgcgtataatatttgcccatggtgaaaacgggggcgaagaagttgtccatattggccacgtttaaatcaaaactggtgaaactcacccagggattggctgaaacgaaaaacatattctcaataaaccctttagggaaataggccaggttttcaccgtaacacgccacatcttgcgaatatatgtgtagaaactgccggaaatcgtcgtggtattcactccagagcgatgaaaacgtttcagtttgctcatggaaaacggtgtaacaagggtgaacactatcccatatcaccagctcaccgtctttcattgccatacgaaattccggatgagcattcatcaggcgggcaagaatgtgaataaaggccggataaaacttgtgcttatttttctttacggtctttaaaaaggccgtaatatccagctgaacggtctggttataggtacattgagcaactgactgaaatgcctcaaaatgttctttacgatgccattgggatatatcaacggtggtatatccagtgatttttttctccattttagcttccttagctcctgaaaatctcgataactcaaaaaatacgcccggtagtgatcttatttcattatggtgaaagttggaacctcttacgtgcccgatcaatcatgaccaaaatcccttaacgtgagttttcgttccactgagcgtcagaccccgtagaaaagatcaaaggatcttcttgagatcctttttttctgcgcgtaatctgctgcttgcaaacaaaaaaaccaccgctaccagcggtggtttgtttgccggatcaagagctaccaactctttttccgaaggtaactggcttcagcagagcgcagataccaaatactgttcttctagtgtagccgtagttaggccaccacttcaagaactctgtagcaccgcctacatacctcgctctgctaatcctgttaccagtggctgctgccagtggcgataagtcgtgtcttaccgggttggactcaagacgatagttaccggataaggcgcagcggtcgggctgaacggggggttcgtgcacacagcccagcttggagcgaacgacctacaccgaactgagatacctacagcgtgagctatgagaaagcgccacgcttcccgaagggagaaaggcggacaggtatccggtaagcggcagggtcggaacaggagagcgcacgagggagcttccagggggaaacgcctggtatctttatagtcctgtcgggtttcgccacctctgacttgagcgtcgatttttgtgatgctcgtcaggggggcggagcctatggaaaaacgccagcaacgcggcctttttacggttcctggccttttgctggccttttgctcacatgttctttcctgcgttatcccctgattctgtggataaccgtagtc,0,0,1,1,0,0,0,0,0,0,0
pRO131,3,SV40NLS_VP48_PYL1,Chloramphenicol,GGTCTCATATGCCCAAGAAGAAGCGTAAAGTGCCGGCGGATGCTCTAGACGATTTCGATCTGGATATGCTACCAGCCGATGCTCTTGACGACTTCGACTTAGACATGCTACCGGCCGACGCTCTAGATGACTTCGACTTAGACATGCTCGGTGGAGGTGCTCCAACACAAGATGAGTTCACACAACTATCACAGAGTATCGCAGAATTCCATACCTACCAACTAGGAAATGGAAGATGTTCTTCACTGCTTGCGCAAAGAATCCATGCCCCGCCGGAGACTGTGTGGAGTGTAGTTAGGAGGTTCGACAGGCCGCAGATATACAAGCACTTTATCAAATCCTGCAATGTTAGCGAAGATTTCGAGATGCGTGTTGGATGCACCAGGGACGTAAATGTTATATCTGGATTACCTGCGAATACGTCAAGAGAAAGGTTGGACTTACTAGACGACGACAGACGTGTTACCGGATTTTCCATAACGGGTGGTGAACATCGTCTACGTAATTATAAGAGCGTGACTACAGTCCACCGTTTTGAAAAGGAGGAAGAGGAGGAGAGAATATGGACCGTGGTTCTGGAATCCTACGTTGTTGATGTACCCGAGGGGAATAGCGAGGAGGATACACGTCTGTTCGCGGATACCGTTATCAGATTGAATCTTCAAAAACTTGCTTCCATTACAGAGGCCATGAACGGATCCTGAGACCagaccaataaaaaacgcccggcggcaaccgagcgttctgaacaaatccagatggagttctgaggtcattactggatctatcaacaggagtccaagcgagctcgatatcaaattacgccccgccctgccactcatcgcagtactgttgtaattcattaagcattctgccgacatggaagccatcacaaacggcatgatgaacctgaatcgccagcggcatcagcaccttgtcgccttgcgtataatatttgcccatggtgaaaacgggggcgaagaagttgtccatattggccacgtttaaatcaaaactggtgaaactcacccagggattggctgaaacgaaaaacatattctcaataaaccctttagggaaataggccaggttttcaccgtaacacgccacatcttgcgaatatatgtgtagaaactgccggaaatcgtcgtggtattcactccagagcgatgaaaacgtttcagtttgctcatggaaaacggtgtaacaagggtgaacactatcccatatcaccagctcaccgtctttcattgccatacgaaattccggatgagcattcatcaggcgggcaagaatgtgaataaaggccggataaaacttgtgcttatttttctttacggtctttaaaaaggccgtaatatccagctgaacggtctggttataggtacattgagcaactgactgaaatgcctcaaaatgttctttacgatgccattgggatatatcaacggtggtatatccagtgatttttttctccattttagcttccttagctcctgaaaatctcgataactcaaaaaatacgcccggtagtgatcttatttcattatggtgaaagttggaacctcttacgtgcccgatcaatcatgaccaaaatcccttaacgtgagttttcgttccactgagcgtcagaccccgtagaaaagatcaaaggatcttcttgagatcctttttttctgcgcgtaatctgctgcttgcaaacaaaaaaaccaccgctaccagcggtggtttgtttgccggatcaagagctaccaactctttttccgaaggtaactggcttcagcagagcgcagataccaaatactgttcttctagtgtagccgtagttaggccaccacttcaagaactctgtagcaccgcctacatacctcgctctgctaatcctgttaccagtggctgctgccagtggcgataagtcgtgtcttaccgggttggactcaagacgatagttaccggataaggcgcagcggtcgggctgaacggggggttcgtgcacacagcccagcttggagcgaacgacctacaccgaactgagatacctacagcgtgagctatgagaaagcgccacgcttcccgaagggagaaaggcggacaggtatccggtaagcggcagggtcggaacaggagagcgcacgagggagcttccagggggaaacgcctggtatctttatagtcctgtcgggtttcgccacctctgacttgagcgtcgatttttgtgatgctcgtcaggggggcggagcctatggaaaaacgccagcaacgcggcctttttacggttcctggccttttgctggccttttgctcacatgttctttcctgcgttatcccctgattctgtggataaccgtagtc,0,0,1,1,0,0,0,0,0,0,0
pRO135,2,PhlFO7,Chloramphenicol,GGTCTCAAACGGGATGATACGAAACGTACCGTATCGTTAAGGTGAATGATACGAAACGTACCGTATCGTTAAGGTCAATGATACGAAACGTACCGTATCGTTAAGGTCAATGATACGAAACGTACCGTATCGTTAAGGTGTATGATACGAAACGTACCGTATCGTTAAGGTAGATGATACGAAACGTACCGTATCGTTAAGGTCGATGATACGAAACGTACCGTATCGTTAAGGTCGGATCTCAGCTAGCTtatggcatgcatgtgctctgtatgtatataaaactcttgttttcttcttttctctaaatattctttccttatacattaggtcctttgtagcataaattactatacttctatagacacgcaaacacaaatacacacactaaattaccggatcaattcgAGATCTATGTGAGACCagaccaataaaaaacgcccggcggcaaccgagcgttctgaacaaatccagatggagttctgaggtcattactggatctatcaacaggagtccaagcgagctcgatatcaaattacgccccgccctgccactcatcgcagtactgttgtaattcattaagcattctgccgacatggaagccatcacaaacggcatgatgaacctgaatcgccagcggcatcagcaccttgtcgccttgcgtataatatttgcccatggtgaaaacgggggcgaagaagttgtccatattggccacgtttaaatcaaaactggtgaaactcacccagggattggctgaaacgaaaaacatattctcaataaaccctttagggaaataggccaggttttcaccgtaacacgccacatcttgcgaatatatgtgtagaaactgccggaaatcgtcgtggtattcactccagagcgatgaaaacgtttcagtttgctcatggaaaacggtgtaacaagggtgaacactatcccatatcaccagctcaccgtctttcattgccatacgaaattccggatgagcattcatcaggcgggcaagaatgtgaataaaggccggataaaacttgtgcttatttttctttacggtctttaaaaaggccgtaatatccagctgaacggtctggttataggtacattgagcaactgactgaaatgcctcaaaatgttctttacgatgccattgggatatatcaacggtggtatatccagtgatttttttctccattttagcttccttagctcctgaaaatctcgataactcaaaaaatacgcccggtagtgatcttatttcattatggtgaaagttggaacctcttacgtgcccgatcaatcatgaccaaaatcccttaacgtgagttttcgttccactgagcgtcagaccccgtagaaaagatcaaaggatcttcttgagatcctttttttctgcgcgtaatctgctgcttgcaaacaaaaaaaccaccgctaccagcggtggtttgtttgccggatcaagagctaccaactctttttccgaaggtaactggcttcagcagagcgcagataccaaatactgttcttctagtgtagccgtagttaggccaccacttcaagaactctgtagcaccgcctacatacctcgctctgctaatcctgttaccagtggctgctgccagtggcgataagtcgtgtcttaccgggttggactcaagacgatagttaccggataaggcgcagcggtcgggctgaacggggggttcgtgcacacagcccagcttggagcgaacgacctacaccgaactgagatacctacagcgtgagctatgagaaagcgccacgcttcccgaagggagaaaggcggacaggtatccggtaagcggcagggtcggaacaggagagcgcacgagggagcttccagggggaaacgcctggtatctttatagtcctgtcgggtttcgccacctctgacttgagcgtcgatttttgtgatgctcgtcaggggggcggagcctatggaaaaacgccagcaacgcggcctttttacggttcctggccttttgctggccttttgctcacatgttctttcctgcgttatcccctgattctgtggataaccgtagtc,0,1,0,0,0,0,0,0,0,0,0
pRO140,3a,PhlF,Chloramphenicol,gtagccgtagttaggccaccacttcaagaactctgtagcaccgcctacatacctcgctctgctaatcctgttaccagtggctgctgccagtggcgataagtcgtgtcttaccgggttggactcaagacgatagttaccggataaggcgcagcggtcgggctgaacggggggttcgtgcacacagcccagcttggagcgaacgacctacaccgaactgagatacctacagcgtgagctatgagaaagcgccacgcttcccgaagggagaaaggcggacaggtatccggtaagcggcagggtcggaacaggagagcgcacgagggagcttccagggggaaacgcctggtatctttatagtcctgtcgggtttcgccacctctgacttgagcgtcgatttttgtgatgctcgtcaggggggcggagcctatggaaaaacgccagcaacgcggcctttttacggttcctggccttttgctggccttttgctcacatgttctttcctgcgttatcccctgattctgtggataaccgtagtcGGTCTCATATGGCACGTACGCCCTCACGTTCCAGCATAGGTAGCCTTAGATCACCACATACGCACAAAGCCATCCTGACTTCAACTATTGAAATACTAAAAGAATGCGGGTATTCTGGACTAAGTATCGAATCAGTGGCTAGACGTGCCGGGGCCAGCAAACCCACAATTTACCGTTGGTGGACCAACAAAGCCGCTCTAATAGCCGAAGTGTACGAAAACGAGTCTGAACAGGTCCGTAAGTTCCCTGATTTAGGCTCCTTTAAGGCGGATTTGGATTTCTTACTGAGAAACCTATGGAAAGTATGGAGGGAGACAATTTGCGGAGAAGCATTTAGGTGCGTCATTGCTGAAGCCCAACTTGATCCCGCGACGCTTACACAACTAAAAGATCAGTTTATGGAGAGAAGGCGTGAAATGCCAAAGAAATTAGTAGAAAACGCCATATCAAACGGGGAGCTACCCAAAGACACCAACAGAGAACTGCTATTAGATATGATCTTTGGTTTTTGCTGGTACAGACTGTTGACTGAACAACTTACTGTGGAGCAAGATATAGAGGAGTTCACCTTTCTGTTGATAAACGGAGTTTGCCCAGGGACACAACGTGGTTCTTGAGACCagaccaataaaaaacgcccggcggcaaccgagcgttctgaacaaatccagatggagttctgaggtcattactggatctatcaacaggagtccaagcgagctcgatatcaaattacgccccgccctgccactcatcgcagtactgttgtaattcattaagcattctgccgacatggaagccatcacaaacggcatgatgaacctgaatcgccagcggcatcagcaccttgtcgccttgcgtataatatttgcccatggtgaaaacgggggcgaagaagttgtccatattggccacgtttaaatcaaaactggtgaaactcacccagggattggctgaaacgaaaaacatattctcaataaaccctttagggaaataggccaggttttcaccgtaacacgccacatcttgcgaatatatgtgtagaaactgccggaaatcgtcgtggtattcactccagagcgatgaaaacgtttcagtttgctcatggaaaacggtgtaacaagggtgaacactatcccatatcaccagctcaccgtctttcattgccatacgaaattccggatgagcattcatcaggcgggcaagaatgtgaataaaggccggataaaacttgtgcttatttttctttacggtctttaaaaaggccgtaatatccagctgaacggtctggttataggtacattgagcaactgactgaaatgcctcaaaatgttctttacgatgccattgggatatatcaacggtggtatatccagtgatttttttctccattttagcttccttagctcctgaaaatctcgataactcaaaaaatacgcccggtagtgatcttatttcattatggtgaaagttggaacctcttacgtgcccgatcaatcatgaccaaaatcccttaacgtgagttttcgttccactgagcgtcagaccccgtagaaaagatcaaaggatcttcttgagatcctttttttctgcgcgtaatctgctgcttgcaaacaaaaaaaccaccgctaccagcggtggtttgtttgccggatcaagagctaccaactctttttccgaaggtaactggcttcagcagagcgcagataccaaatactgttcttctagt,0,0,1,0,0,0,0,0,0,0,0
pRO141,3b,NES-ABI,Chloramphenicol,cagcggtcgggctgaacggggggttcgtgcacacagcccagcttggagcgaacgacctacaccgaactgagatacctacagcgtgagctatgagaaagcgccacgcttcccgaagggagaaaggcggacaggtatccggtaagcggcagggtcggaacaggagagcgcacgagggagcttccagggggaaacgcctggtatctttatagtcctgtcgggtttcgccacctctgacttgagcgtcgatttttgtgatgctcgtcaggggggcggagcctatggaaaaacgccagcaacgcggcctttttacggttcctggccttttgctggccttttgctcacatgttctttcctgcgttatcccctgattctgtggataaccgtagtcGGTCTCATCTTggaCTGCCTCCGTTAGAAAGACTAACGCTGACGAGAGTTCCTTTGTATGGCTTCACCTCAATTTGCGGTAGAAGACCCGAGATGGAAGCCGCCGTATCGACGATACCACGTTTTTTACAATCCTCCTCCGGCTCAATGTTAGACGGACGTTTTGATCCCCAGAGTGCAGCTCATTTCTTTGGTGTTTATGATGGTCACGGGGGTAGCCAGGTAGCCAACTATTGCCGTGAAAGGATGCATTTAGCGTTAGCTGAGGAAATCGCCAAAGAAAAGCCTATGTTGTGTGATGGAGACACCTGGTTGGAGAAGTGGAAAAAGGCGTTATTCAACAGCTTCCTAAGGGTGGATAGTGAGATAGAGTCTGTTGCTCCGGAGACTGTTGGCTCAACATCCGTGGTGGCCGTGGTCTTCCCGAGCCATATTTTTGTGGCTAATTGTGGTGACTCTCGTGCGGTCTTGTGCAGGGGGAAGACTGCATTACCTTTAAGCGTCGATCATAAGCCGGACAGGGAGGACGAAGCAGCGAGGATAGAGGCCGCCGGTGGAAAGGTAATACAATGGAATGGTGCTAGGGTATTCGGCGTACTGGCAATGAGTAGATCCATTGGTGATAGATACTTGAAGCCGAGCATAATCCCTGACCCTGAAGTAACAGCGGTTAAAAGGGTGAAGGAAGACGATTGCCTTATCTTGGCTTCTGACGGAGTGTGGGATGTCATGACTGACGAGGAAGCCTGCGAAATGGCAAGGAAAAGAATACTACTTTGGCATAAGAAAAATGCGGTAGCTGGGGACGCAAGTCTGTTAGCAGATGAAAGAAGAAAAGAAGGCAAGGACCCCGCCGCAATGTCAGCCGCGGAGTACCTGTCTAAACTTGCTATTCAGAGGGGGAGTAAAGATAACATATCCGTGGTCGTGGTTGATCTAAAGGGATCCTGAGACCagaccaataaaaaacgcccggcggcaaccgagcgttctgaacaaatccagatggagttctgaggtcattactggatctatcaacaggagtccaagcgagctcgatatcaaattacgccccgccctgccactcatcgcagtactgttgtaattcattaagcattctgccgacatggaagccatcacaaacggcatgatgaacctgaatcgccagcggcatcagcaccttgtcgccttgcgtataatatttgcccatggtgaaaacgggggcgaagaagttgtccatattggccacgtttaaatcaaaactggtgaaactcacccagggattggctgaaacgaaaaacatattctcaataaaccctttagggaaataggccaggttttcaccgtaacacgccacatcttgcgaatatatgtgtagaaactgccggaaatcgtcgtggtattcactccagagcgatgaaaacgtttcagtttgctcatggaaaacggtgtaacaagggtgaacactatcccatatcaccagctcaccgtctttcattgccatacgaaattccggatgagcattcatcaggcgggcaagaatgtgaataaaggccggataaaacttgtgcttatttttctttacggtctttaaaaaggccgtaatatccagctgaacggtctggttataggtacattgagcaactgactgaaatgcctcaaaatgttctttacgatgccattgggatatatcaacggtggtatatccagtgatttttttctccattttagcttccttagctcctgaaaatctcgataactcaaaaaatacgcccggtagtgatcttatttcattatggtgaaagttggaacctcttacgtgcccgatcaatcatgaccaaaatcccttaacgtgagttttcgttccactgagcgtcagaccccgtagaaaagatcaaaggatcttcttgagatcctttttttctgcgcgtaatctgctgcttgcaaacaaaaaaaccaccgctaccagcggtggtttgtttgccggatcaagagctaccaactctttttccgaaggtaactggcttcagcagagcgcagataccaaatactgttcttctagtgtagccgtagttaggccaccacttcaagaactctgtagcaccgcctacatacctcgctctgctaatcctgttaccagtggctgctgccagtggcgataagtcgtgtcttaccgggttggactcaagacgatagttaccggataaggcg,0,0,0,1,0,0,0,0,0,0,0
pRO166,3,mfalpha1,Chloramphenicol,TCGGTCTCATATGGATTTCCTTCAATTTTTACTGCAGTTTTATTCGCAGCATCCTCCGCATTAGCTGCTCCAGTCAACACTACAACAGAAGATGAAACGGCACAAATTCCGGCTGAAGCTGTCATCGGTTACTTAGATTTAGAAGGGGATTTCGATGTTGCTGTTTTGCCATTTTCCAACAGCACAAATAACGGGTTATTGTTTATAAATACTACTATTGCCAGCATTGCTGCTAAAGAAGAAGGGGTATCTTTGGATAAAAGAGAGGCTGAAGCTTGGCATTGGTTGCAACTAAAACCTGGCCAACCAATGTACAAGAGAGAAGCCGAAGCTGAAGCTTGGCATTGGCTGCAACTAAAGCCTGGCCAACCAATGTACAAAAGAGAAGCCGACGCTGAAGCTTGGCATTGGCTGCAACTAAAGCCTGGCCAACCAATGTACAAAAGAGAAGCCGACGCTGAAGCTTGGCATTGGTTGCAGTTAAAACCCGGCCAACCAATGTACGGATCCTGAGACCagaccaataaaaaacgcccggcggcaaccgagcgttctgaacaaatccagatggagttctgaggtcattactggatctatcaacaggagtccaagcgagctcgatatcaaattacgccccgccctgccactcatcgcagtactgttgtaattcattaagcattctgccgacatggaagccatcacaaacggcatgatgaacctgaatcgccagcggcatcagcaccttgtcgccttgcgtataatatttgcccatggtgaaaacgggggcgaagaagttgtccatattggccacgtttaaatcaaaactggtgaaactcacccagggattggctgaaacgaaaaacatattctcaataaaccctttagggaaataggccaggttttcaccgtaacacgccacatcttgcgaatatatgtgtagaaactgccggaaatcgtcgtggtattcactccagagcgatgaaaacgtttcagtttgctcatggaaaacggtgtaacaagggtgaacactatcccatatcaccagctcaccgtctttcattgccatacgaaattccggatgagcattcatcaggcgggcaagaatgtgaataaaggccggataaaacttgtgcttatttttctttacggtctttaaaaaggccgtaatatccagctgaacggtctggttataggtacattgagcaactgactgaaatgcctcaaaatgttctttacgatgccattgggatatatcaacggtggtatatccagtgatttttttctccattttagcttccttagctcctgaaaatctcgataactcaaaaaatacgcccggtagtgatcttatttcattatggtgaaagttggaacctcttacgtgcccgatcaatcatgaccaaaatcccttaacgtgagttttcgttccactgagcgtcagaccccgtagaaaagatcaaaggatcttcttgagatcctttttttctgcgcgtaatctgctgcttgcaaacaaaaaaaccaccgctaccagcggtggtttgtttgccggatcaagagctaccaactctttttccgaaggtaactggcttcagcagagcgcagataccaaatactgttcttctagtgtagccgtagttaggccaccacttcaagaactctgtagcaccgcctacatacctcgctctgctaatcctgttaccagtggctgctgccagtggcgataagtcgtgtcttaccgggttggactcaagacgatagttaccggataaggcgcagcggtcgggctgaacggggggttcgtgcacacagcccagcttggagcgaacgacctacaccgaactgagatacctacagcgtgagctatgagaaagcgccacgcttcccgaagggagaaaggcggacaggtatccggtaagcggcagggtcggaacaggagagcgcacgagggagcttccagggggaaacgcctggtatctttatagtcctgtcgggtttcgccacctctgacttgagcgtcgatttttgtgatgctcgtcaggggggcggagcctatggaaaaacgccagcaacgcggcctttttacggttcctggccttttgctggccttttgctcacatgttctttcctgcgttatcccctgattctgtggataaccgtag,0,0,1,1,0,0,0,0,0,0,0
pRO167,3,bar1,Chloramphenicol,TCGGTCTCATATGTCTGCAATTAATCATCTTTGTTTGAAACTTATTTTGGCGAGTTTCGCGATTATTAACACCATTACTGCTTTAACAAACGATGGCACTGGTCACTTAGAATTCCTTTTACAACACGAAGAGGAGATGTATTACGCAACAACCTTAGATATAGGTACACCGTCCCAAAGTCTGACAGTGTTGTTTGATACCGGATCTGCCGATTTTTGGGTTATGGATTCTAGCAATCCCTTCTGCTTACCAAATTCAAATACGTCATCCTATTCAAACGCAACTTATAATGGCGAAGAAGTTAAGCCTTCAATTGATTGCAGGTCTATGAGTACTTATAATGAGCATAGATCTTCCACCTACCAATATCTGGAAAATGGTAGGTTTTACATCACATATGCTGACGGAACATTTGCTGACGGTAGTTGGGGGACGGAAACTGTATCAATTAATGGAATTGACATCCCCAATATCCAGTTCGGAGTTGCCAAGTATGCTACGACACCCGTTAGTGGTGTTCTTGGAATTGGGTTTCCTAGAAGAGAGTCCGTTAAGGGCTATGAAGGTGCTCCTAATGAATATTATCCTAATTTTCCTCAGATTTTAAAAAGTGAAAAAATAATCGATGTGGTCGCGTATTCGCTGTTCTTAAACTCACCTGATTCAGGTACTGGTTCGATTGTTTTTGGTGCCATTGATGAATCAAAGTTTTCTGGTGATTTGTTCACTTTCCCTATGGTAAATGAATATCCCACAATAGTCGACGCTCCTGCAACTTTAGCAATGACTATACAAGGATTAGGTGCCCAAAACAAAAGTAGTTGTGAACATGAAACGTTTACGACGACCAAGTATCCAGTTTTGTTGGACTCAGGAACCTCGCTATTGAATGCGCCCAAGGTCATAGCAGATAAAATGGCTTCTTTTGTAAATGCGTCCTATAGTGAAGAGGAAGGTATATATATATTAGACTGTCCAGTATCTGTAGGTGACGTGGAATACAATTTTGATTTCGGCGATTTGCAAATAAGTGTTCCACTGTCTAGTTTGATTTTAAGTCCCGAGACAGAAGGCAGCTATTGTGGGTTTGCGGTCCAGCCAACAAACGATTCGATGGTTCTGGGTGATGTGTTCCTGTCCTCTGCATACGTCGTATTCGATCTCGATAATTATAAGATATCTTTAGCACAGGCAAATTGGAACGCAAGCGAAGTTTCGAAAAAGCTAGTAAATATTCAAACAGATGGGTCTATTTCAGGTGCCAAAATTGCTACAGCTGAACCCTGGTCCACCAATGAACCATTTACAGTCACCTCTGACATTTATTCATCTACAGGCTGCAAGAGTAGGCCTTTTCTTCAATCATCGACAGCCTCTTCGCTTATTGCAGAAACCAACGTACAAAGTCGCAACTGCTCTACGAAGATGCCAGGCACTAGATCAACTACTGTCTTAAGTAAGCCTACTCAAAATAGTGCTATGCATCAAAGTACAGGCGCTGTCACACAAACCTCAAATGAAACTAAATTAGAATTATCCTCGACTATGGCAAATTCGGGCAGTGTCTCGCTTCCCACTTCGAATTCAATAGACAAAGAGTTCGAACATTCGAAATCTCAAACTACCAGCGATCCAAGTGTAGCAGAGCATTCTACGTTTAACCAAACGTTTGTACATGAAACTAAATATCGGCCTACTCATAAGACAGTCATAACAGAAACTGTCACGAAGTATTCTACAGTCTTAATAAATGTCTGTAAACCAACATATGGATCCTGAGACCagaccaataaaaaacgcccggcggcaaccgagcgttctgaacaaatccagatggagttctgaggtcattactggatctatcaacaggagtccaagcgagctcgatatcaaattacgccccgccctgccactcatcgcagtactgttgtaattcattaagcattctgccgacatggaagccatcacaaacggcatgatgaacctgaatcgccagcggcatcagcaccttgtcgccttgcgtataatatttgcccatggtgaaaacgggggcgaagaagttgtccatattggccacgtttaaatcaaaactggtgaaactcacccagggattggctgaaacgaaaaacatattctcaataaaccctttagggaaataggccaggttttcaccgtaacacgccacatcttgcgaatatatgtgtagaaactgccggaaatcgtcgtggtattcactccagagcgatgaaaacgtttcagtttgctcatggaaaacggtgtaacaagggtgaacactatcccatatcaccagctcaccgtctttcattgccatacgaaattccggatgagcattcatcaggcgggcaagaatgtgaataaaggccggataaaacttgtgcttatttttctttacggtctttaaaaaggccgtaatatccagctgaacggtctggttataggtacattgagcaactgactgaaatgcctcaaaatgttctttacgatgccattgggatatatcaacggtggtatatccagtgatttttttctccattttagcttccttagctcctgaaaatctcgataactcaaaaaatacgcccggtagtgatcttatttcattatggtgaaagttggaacctcttacgtgcccgatcaatcatgaccaaaatcccttaacgtgagttttcgttccactgagcgtcagaccccgtagaaaagatcaaaggatcttcttgagatcctttttttctgcgcgtaatctgctgcttgcaaacaaaaaaaccaccgctaccagcggtggtttgtttgccggatcaagagctaccaactctttttccgaaggtaactggcttcagcagagcgcagataccaaatactgttcttctagtgtagccgtagttaggccaccacttcaagaactctgtagcaccgcctacatacctcgctctgctaatcctgttaccagtggctgctgccagtggcgataagtcgtgtcttaccgggttggactcaagacgatagttaccggataaggcgcagcggtcgggctgaacggggggttcgtgcacacagcccagcttggagcgaacgacctacaccgaactgagatacctacagcgtgagctatgagaaagcgccacgcttcccgaagggagaaaggcggacaggtatccggtaagcggcagggtcggaacaggagagcgcacgagggagcttccagggggaaacgcctggtatctttatagtcctgtcgggtttcgccacctctgacttgagcgtcgatttttgtgatgctcgtcaggggggcggagcctatggaaaaacgccagcaacgcggcctttttacggttcctggccttttgctggccttttgctcacatgttctttcctgcgttatcccctgattctgtggataaccgtag,0,0,1,1,0,0,0,0,0,0,0
pRO168,3b,ste12-PRD,Chloramphenicol,TCGGTCTCATTCTccatcatcaaccacgaaatccgacaactcccctccgaaattggaaagtgagaactttaaagacaatgagctggtgaccgtaactaaccagccgctgttaggcgttggtttaatggacgatgatgcgccggaatctcctagtcagattaacgattttatcccacaaaaacttataatcgaacccaatactctggagttaaacgggttgactgaagaaacaccgcatgacttgcccaagaacactgccaagggtcgttcccaagaagatttccccctggactatttccccgtgagcgtagagtacccgacggaagaaaacgctttcgatccgtttccaccccaagctttcacgccggcagctccatccatgcctatatcctacgacaatgtcaacgaacgtgatagcatgccggtaaactctttattgaataggtacccttatcaattaagtgtggcgcccaccttcccagttccccccagcagttcacgtcagcatttcatgaccaatcgtgatttttattcaagtaataataataaggaaaaacttgtatcacctagtgacccaaccagctatatgaaatacgatgaacctgtaatggactttgatgagtccaggccgaacgaaaactgtaccaacgcgaaaagtcataactccggtcaacaaactaaacaacaccaattgtatagcaacaacttccagcaatcttaccccaatgggatggttccaggatattatccaaaaatgccatataatccgatggggggggatccacttcttgaccaggctttctatggggccgatgactttttctttcctcccgaaggatgtgacaataatatgctttatcctcagacagcgacatcttggaatgtattgcctcctcaggcgatgcaaccagccccaacgtacgtcgggcgtccttatacacctaattataggtctacgcctgggagcgcgatgtttccatacatgcaatcatctaattccatgcaatggaacacagccgtaagcccgtactcatccagggcccccagcaccacagcaaaaaactaccccccatcaacattctattcccaaaacatcaatcagtacccgaggagaagaaccgttggaatgaaatcctcccagggcaatgttcccacggggaacaagcagagtgtaggcaaaagtgccaaaataagcaaacctctgcacatcaagacatcagcctatcaaaagcaatacaagatcaatttggaaacgaaggctagaccgtctgctggggatgaagacagtgcgcatcctgataaaaacaaggaaatatctatgccaacccctgactcaaatacgttagtcgtccaaagtgaagaaggaggtgcccacagtctggaagtggacacaaatcgtaggagtgacaagaacctgccggatgctaccggATCCTGAGACCagaccaataaaaaacgcccggcggcaaccgagcgttctgaacaaatccagatggagttctgaggtcattactggatctatcaacaggagtccaagcgagctcgatatcaaattacgccccgccctgccactcatcgcagtactgttgtaattcattaagcattctgccgacatggaagccatcacaaacggcatgatgaacctgaatcgccagcggcatcagcaccttgtcgccttgcgtataatatttgcccatggtgaaaacgggggcgaagaagttgtccatattggccacgtttaaatcaaaactggtgaaactcacccagggattggctgaaacgaaaaacatattctcaataaaccctttagggaaataggccaggttttcaccgtaacacgccacatcttgcgaatatatgtgtagaaactgccggaaatcgtcgtggtattcactccagagcgatgaaaacgtttcagtttgctcatggaaaacggtgtaacaagggtgaacactatcccatatcaccagctcaccgtctttcattgccatacgaaattccggatgagcattcatcaggcgggcaagaatgtgaataaaggccggataaaacttgtgcttatttttctttacggtctttaaaaaggccgtaatatccagctgaacggtctggttataggtacattgagcaactgactgaaatgcctcaaaatgttctttacgatgccattgggatatatcaacggtggtatatccagtgatttttttctccattttagcttccttagctcctgaaaatctcgataactcaaaaaatacgcccggtagtgatcttatttcattatggtgaaagttggaacctcttacgtgcccgatcaatcatgaccaaaatcccttaacgtgagttttcgttccactgagcgtcagaccccgtagaaaagatcaaaggatcttcttgagatcctttttttctgcgcgtaatctgctgcttgcaaacaaaaaaaccaccgctaccagcggtggtttgtttgccggatcaagagctaccaactctttttccgaaggtaactggcttcagcagagcgcagataccaaatactgttcttctagtgtagccgtagttaggccaccacttcaagaactctgtagcaccgcctacatacctcgctctgctaatcctgttaccagtggctgctgccagtggcgataagtcgtgtcttaccgggttggactcaagacgatagttaccggataaggcgcagcggtcgggctgaacggggggttcgtgcacacagcccagcttggagcgaacgacctacaccgaactgagatacctacagcgtgagctatgagaaagcgccacgcttcccgaagggagaaaggcggacaggtatccggtaagcggcagggtcggaacaggagagcgcacgagggagcttccagggggaaacgcctggtatctttatagtcctgtcgggtttcgccacctctgacttgagcgtcgatttttgtgatgctcgtcaggggggcggagcctatggaaaaacgccagcaacgcggcctttttacggttcctggccttttgctggccttttgctcacatgttctttcctgcgttatcccctgattctgtggataaccgtag,0,0,0,1,0,0,0,0,0,0,0
pRO169,3a,TetR,Chloramphenicol,TCGGTCTCATATGTCTAGACTTGACAAGTCCAAGGTAATCAACAGTGCGTTAGAGCTGCTTAACGAGGTGGGGATTGAAGGACTAACGACACGTAAGTTAGCTCAGAAATTAGGAGTCGAGCAACCCACTTTATACTGGCACGTCAAAAACAAGAGAGCCTTGTTGGACGCACTAGCGATAGAGATGCTGGATCGTCATCATACCCATTTTTGCCCGCTAGAAGGAGAGTCCTGGCAGGATTTTTTGAGAAACAACGCCAAATCATTTAGGTGTGCGCTACTTTCTCACAGGGACGGCGCCAAAGTCCACCTGGGAACGAGGCCCACCGAAAAGCAGTACGAAACACTTGAAAATCAGTTGGCTTTTCTATGCCAACAGGGATTCTCTTTAGAAAACGCTTTGTATGCTTTATCAGCCGTAGGTCACTTTACTTTGGGATGTGTTTTAGAAGACCAGGAACATCAGGTCGCGAAAGAGGAGAGGGAGACACCTACGACGGACTCCATGCCTCCTCTGCTAAGACAGGCCATAGAACTTTTCGACCATCAAGGGGCAGAGCCTGCCTTCCTATTTGGTTTAGAATTGATAATTTGTGGAGAAAAGCAGCTTAAATGCGAATCTGGTTCTCCCAAGAAGAAGCGTAAAGTGGGTTCTTGAGACCagaccaataaaaaacgcccggcggcaaccgagcgttctgaacaaatccagatggagttctgaggtcattactggatctatcaacaggagtccaagcgagctcgatatcaaattacgccccgccctgccactcatcgcagtactgttgtaattcattaagcattctgccgacatggaagccatcacaaacggcatgatgaacctgaatcgccagcggcatcagcaccttgtcgccttgcgtataatatttgcccatggtgaaaacgggggcgaagaagttgtccatattggccacgtttaaatcaaaactggtgaaactcacccagggattggctgaaacgaaaaacatattctcaataaaccctttagggaaataggccaggttttcaccgtaacacgccacatcttgcgaatatatgtgtagaaactgccggaaatcgtcgtggtattcactccagagcgatgaaaacgtttcagtttgctcatggaaaacggtgtaacaagggtgaacactatcccatatcaccagctcaccgtctttcattgccatacgaaattccggatgagcattcatcaggcgggcaagaatgtgaataaaggccggataaaacttgtgcttatttttctttacggtctttaaaaaggccgtaatatccagctgaacggtctggttataggtacattgagcaactgactgaaatgcctcaaaatgttctttacgatgccattgggatatatcaacggtggtatatccagtgatttttttctccattttagcttccttagctcctgaaaatctcgataactcaaaaaatacgcccggtagtgatcttatttcattatggtgaaagttggaacctcttacgtgcccgatcaatcatgaccaaaatcccttaacgtgagttttcgttccactgagcgtcagaccccgtagaaaagatcaaaggatcttcttgagatcctttttttctgcgcgtaatctgctgcttgcaaacaaaaaaaccaccgctaccagcggtggtttgtttgccggatcaagagctaccaactctttttccgaaggtaactggcttcagcagagcgcagataccaaatactgttcttctagtgtagccgtagttaggccaccacttcaagaactctgtagcaccgcctacatacctcgctctgctaatcctgttaccagtggctgctgccagtggcgataagtcgtgtcttaccgggttggactcaagacgatagttaccggataaggcgcagcggtcgggctgaacggggggttcgtgcacacagcccagcttggagcgaacgacctacaccgaactgagatacctacagcgtgagctatgagaaagcgccacgcttcccgaagggagaaaggcggacaggtatccggtaagcggcagggtcggaacaggagagcgcacgagggagcttccagggggaaacgcctggtatctttatagtcctgtcgggtttcgccacctctgacttgagcgtcgatttttgtgatgctcgtcaggggggcggagcctatggaaaaacgccagcaacgcggcctttttacggttcctggccttttgctggccttttgctcacatgttctttcctgcgttatcccctgattctgtggataaccgtag,0,0,1,0,0,0,0,0,0,0,0
pRO174,3a,PhlF-NES,Chloramphenicol,TCGGTCTCATATGGCACGTACGCCCTCACGTTCCAGCATAGGTAGCCTTAGATCACCACATACGCACAAAGCCATCCTGACTTCAACTATTGAAATACTAAAAGAATGCGGGTATTCTGGACTAAGTATCGAATCAGTGGCTAGACGTGCCGGGGCCAGCAAACCCACAATTTACCGTTGGTGGACCAACAAAGCCGCTCTAATAGCCGAAGTGTACGAAAACGAGTCTGAACAGGTCCGTAAGTTCCCTGATTTAGGCTCCTTTAAGGCGGATTTGGATTTCTTACTGAGAAACCTATGGAAAGTATGGAGGGAGACAATTTGCGGAGAAGCATTTAGGTGCGTCATTGCTGAAGCCCAACTTGATCCCGCGACGCTTACACAACTAAAAGATCAGTTTATGGAGAGAAGGCGTGAAATGCCAAAGAAATTAGTAGAAAACGCCATATCAAACGGGGAGCTACCCAAAGACACCAACAGAGAACTGCTATTAGATATGATCTTTGGTTTTTGCTGGTACAGACTGTTGACTGAACAACTTACTGTGGAGCAAGATATAGAGGAGTTCACCTTTCTGTTGATAAACGGAGTTTGCCCAGGGACACAACGTggaagcggaCTGCCTCCGTTAGAAAGACTAACGCTGGGTTCTTGAGACCagaccaataaaaaacgcccggcggcaaccgagcgttctgaacaaatccagatggagttctgaggtcattactggatctatcaacaggagtccaagcgagctcgatatcaaattacgccccgccctgccactcatcgcagtactgttgtaattcattaagcattctgccgacatggaagccatcacaaacggcatgatgaacctgaatcgccagcggcatcagcaccttgtcgccttgcgtataatatttgcccatggtgaaaacgggggcgaagaagttgtccatattggccacgtttaaatcaaaactggtgaaactcacccagggattggctgaaacgaaaaacatattctcaataaaccctttagggaaataggccaggttttcaccgtaacacgccacatcttgcgaatatatgtgtagaaactgccggaaatcgtcgtggtattcactccagagcgatgaaaacgtttcagtttgctcatggaaaacggtgtaacaagggtgaacactatcccatatcaccagctcaccgtctttcattgccatacgaaattccggatgagcattcatcaggcgggcaagaatgtgaataaaggccggataaaacttgtgcttatttttctttacggtctttaaaaaggccgtaatatccagctgaacggtctggttataggtacattgagcaactgactgaaatgcctcaaaatgttctttacgatgccattgggatatatcaacggtggtatatccagtgatttttttctccattttagcttccttagctcctgaaaatctcgataactcaaaaaatacgcccggtagtgatcttatttcattatggtgaaagttggaacctcttacgtgcccgatcaatcatgaccaaaatcccttaacgtgagttttcgttccactgagcgtcagaccccgtagaaaagatcaaaggatcttcttgagatcctttttttctgcgcgtaatctgctgcttgcaaacaaaaaaaccaccgctaccagcggtggtttgtttgccggatcaagagctaccaactctttttccgaaggtaactggcttcagcagagcgcagataccaaatactgttcttctagtgtagccgtagttaggccaccacttcaagaactctgtagcaccgcctacatacctcgctctgctaatcctgttaccagtggctgctgccagtggcgataagtcgtgtcttaccgggttggactcaagacgatagttaccggataaggcgcagcggtcgggctgaacggggggttcgtgcacacagcccagcttggagcgaacgacctacaccgaactgagatacctacagcgtgagctatgagaaagcgccacgcttcccgaagggagaaaggcggacaggtatccggtaagcggcagggtcggaacaggagagcgcacgagggagcttccagggggaaacgcctggtatctttatagtcctgtcgggtttcgccacctctgacttgagcgtcgatttttgtgatgctcgtcaggggggcggagcctatggaaaaacgccagcaacgcggcctttttacggttcctggccttttgctggccttttgctcacatgttctttcctgcgttatcccctgattctgtggataaccgtag,0,0,1,0,0,0,0,0,0,0,0
pRO175,3b,ABI,Chloramphenicol,TCGGTCTCATTCTACGAGAGTTCCTTTGTATGGCTTCACCTCAATTTGCGGTAGAAGACCCGAGATGGAAGCCGCCGTATCGACGATACCACGTTTTTTACAATCCTCCTCCGGCTCAATGTTAGACGGACGTTTTGATCCCCAGAGTGCAGCTCATTTCTTTGGTGTTTATGATGGTCACGGGGGTAGCCAGGTAGCCAACTATTGCCGTGAAAGGATGCATTTAGCGTTAGCTGAGGAAATCGCCAAAGAAAAGCCTATGTTGTGTGATGGAGACACCTGGTTGGAGAAGTGGAAAAAGGCGTTATTCAACAGCTTCCTAAGGGTGGATAGTGAGATAGAGTCTGTTGCTCCGGAGACTGTTGGCTCAACATCCGTGGTGGCCGTGGTCTTCCCGAGCCATATTTTTGTGGCTAATTGTGGTGACTCTCGTGCGGTCTTGTGCAGGGGGAAGACTGCATTACCTTTAAGCGTCGATCATAAGCCGGACAGGGAGGACGAAGCAGCGAGGATAGAGGCCGCCGGTGGAAAGGTAATACAATGGAATGGTGCTAGGGTATTCGGCGTACTGGCAATGAGTAGATCCATTGGTGATAGATACTTGAAGCCGAGCATAATCCCTGACCCTGAAGTAACAGCGGTTAAAAGGGTGAAGGAAGACGATTGCCTTATCTTGGCTTCTGACGGAGTGTGGGATGTCATGACTGACGAGGAAGCCTGCGAAATGGCAAGGAAAAGAATACTACTTTGGCATAAGAAAAATGCGGTAGCTGGGGACGCAAGTCTGTTAGCAGATGAAAGAAGAAAAGAAGGCAAGGACCCCGCCGCAATGTCAGCCGCGGAGTACCTGTCTAAACTTGCTATTCAGAGGGGGAGTAAAGATAACATATCCGTGGTCGTGGTTGATCTAAAGGGATCCTGAGACCagaccaataaaaaacgcccggcggcaaccgagcgttctgaacaaatccagatggagttctgaggtcattactggatctatcaacaggagtccaagcgagctcgatatcaaattacgccccgccctgccactcatcgcagtactgttgtaattcattaagcattctgccgacatggaagccatcacaaacggcatgatgaacctgaatcgccagcggcatcagcaccttgtcgccttgcgtataatatttgcccatggtgaaaacgggggcgaagaagttgtccatattggccacgtttaaatcaaaactggtgaaactcacccagggattggctgaaacgaaaaacatattctcaataaaccctttagggaaataggccaggttttcaccgtaacacgccacatcttgcgaatatatgtgtagaaactgccggaaatcgtcgtggtattcactccagagcgatgaaaacgtttcagtttgctcatggaaaacggtgtaacaagggtgaacactatcccatatcaccagctcaccgtctttcattgccatacgaaattccggatgagcattcatcaggcgggcaagaatgtgaataaaggccggataaaacttgtgcttatttttctttacggtctttaaaaaggccgtaatatccagctgaacggtctggttataggtacattgagcaactgactgaaatgcctcaaaatgttctttacgatgccattgggatatatcaacggtggtatatccagtgatttttttctccattttagcttccttagctcctgaaaatctcgataactcaaaaaatacgcccggtagtgatcttatttcattatggtgaaagttggaacctcttacgtgcccgatcaatcatgaccaaaatcccttaacgtgagttttcgttccactgagcgtcagaccccgtagaaaagatcaaaggatcttcttgagatcctttttttctgcgcgtaatctgctgcttgcaaacaaaaaaaccaccgctaccagcggtggtttgtttgccggatcaagagctaccaactctttttccgaaggtaactggcttcagcagagcgcagataccaaatactgttcttctagtgtagccgtagttaggccaccacttcaagaactctgtagcaccgcctacatacctcgctctgctaatcctgttaccagtggctgctgccagtggcgataagtcgtgtcttaccgggttggactcaagacgatagttaccggataaggcgcagcggtcgggctgaacggggggttcgtgcacacagcccagcttggagcgaacgacctacaccgaactgagatacctacagcgtgagctatgagaaagcgccacgcttcccgaagggagaaaggcggacaggtatccggtaagcggcagggtcggaacaggagagcgcacgagggagcttccagggggaaacgcctggtatctttatagtcctgtcgggtttcgccacctctgacttgagcgtcgatttttgtgatgctcgtcaggggggcggagcctatggaaaaacgccagcaacgcggcctttttacggttcctggccttttgctggccttttgctcacatgttctttcctgcgttatcccctgattctgtggataaccgtag,0,0,0,1,0,0,0,0,0,0,0
pRO176,3a,NLS-VP48,Chloramphenicol,TCGGTCTCATATGCCCAAGAAGAAGCGTAAAGTGCCGGCGGATGCTCTAGACGATTTCGATCTGGATATGCTACCAGCCGATGCTCTTGACGACTTCGACTTAGACATGCTACCGGCCGACGCTCTAGATGACTTCGACTTAGACATGCTCGGTTCTTGAGACCagaccaataaaaaacgcccggcggcaaccgagcgttctgaacaaatccagatggagttctgaggtcattactggatctatcaacaggagtccaagcgagctcgatatcaaattacgccccgccctgccactcatcgcagtactgttgtaattcattaagcattctgccgacatggaagccatcacaaacggcatgatgaacctgaatcgccagcggcatcagcaccttgtcgccttgcgtataatatttgcccatggtgaaaacgggggcgaagaagttgtccatattggccacgtttaaatcaaaactggtgaaactcacccagggattggctgaaacgaaaaacatattctcaataaaccctttagggaaataggccaggttttcaccgtaacacgccacatcttgcgaatatatgtgtagaaactgccggaaatcgtcgtggtattcactccagagcgatgaaaacgtttcagtttgctcatggaaaacggtgtaacaagggtgaacactatcccatatcaccagctcaccgtctttcattgccatacgaaattccggatgagcattcatcaggcgggcaagaatgtgaataaaggccggataaaacttgtgcttatttttctttacggtctttaaaaaggccgtaatatccagctgaacggtctggttataggtacattgagcaactgactgaaatgcctcaaaatgttctttacgatgccattgggatatatcaacggtggtatatccagtgatttttttctccattttagcttccttagctcctgaaaatctcgataactcaaaaaatacgcccggtagtgatcttatttcattatggtgaaagttggaacctcttacgtgcccgatcaatcatgaccaaaatcccttaacgtgagttttcgttccactgagcgtcagaccccgtagaaaagatcaaaggatcttcttgagatcctttttttctgcgcgtaatctgctgcttgcaaacaaaaaaaccaccgctaccagcggtggtttgtttgccggatcaagagctaccaactctttttccgaaggtaactggcttcagcagagcgcagataccaaatactgttcttctagtgtagccgtagttaggccaccacttcaagaactctgtagcaccgcctacatacctcgctctgctaatcctgttaccagtggctgctgccagtggcgataagtcgtgtcttaccgggttggactcaagacgatagttaccggataaggcgcagcggtcgggctgaacggggggttcgtgcacacagcccagcttggagcgaacgacctacaccgaactgagatacctacagcgtgagctatgagaaagcgccacgcttcccgaagggagaaaggcggacaggtatccggtaagcggcagggtcggaacaggagagcgcacgagggagcttccagggggaaacgcctggtatctttatagtcctgtcgggtttcgccacctctgacttgagcgtcgatttttgtgatgctcgtcaggggggcggagcctatggaaaaacgccagcaacgcggcctttttacggttcctggccttttgctggccttttgctcacatgttctttcctgcgttatcccctgattctgtggataaccgtag,0,0,1,0,0,0,0,0,0,0,0
pRO177,3b,PYL1,Chloramphenicol,TCGGTCTCATTCTGGTGGAGGTGCTCCAACACAAGATGAGTTCACACAACTATCACAGAGTATCGCAGAATTCCATACCTACCAACTAGGAAATGGAAGATGTTCTTCACTGCTTGCGCAAAGAATCCATGCCCCGCCGGAGACTGTGTGGAGTGTAGTTAGGAGGTTCGACAGGCCGCAGATATACAAGCACTTTATCAAATCCTGCAATGTTAGCGAAGATTTCGAGATGCGTGTTGGATGCACCAGGGACGTAAATGTTATATCTGGATTACCTGCGAATACGTCAAGAGAAAGGTTGGACTTACTAGACGACGACAGACGTGTTACCGGATTTTCCATAACGGGTGGTGAACATCGTCTACGTAATTATAAGAGCGTGACTACAGTCCACCGTTTTGAAAAGGAGGAAGAGGAGGAGAGAATATGGACCGTGGTTCTGGAATCCTACGTTGTTGATGTACCCGAGGGGAATAGCGAGGAGGATACACGTCTGTTCGCGGATACCGTTATCAGATTGAATCTTCAAAAACTTGCTTCCATTACAGAGGCCATGAACggATCCTGAGACCagaccaataaaaaacgcccggcggcaaccgagcgttctgaacaaatccagatggagttctgaggtcattactggatctatcaacaggagtccaagcgagctcgatatcaaattacgccccgccctgccactcatcgcagtactgttgtaattcattaagcattctgccgacatggaagccatcacaaacggcatgatgaacctgaatcgccagcggcatcagcaccttgtcgccttgcgtataatatttgcccatggtgaaaacgggggcgaagaagttgtccatattggccacgtttaaatcaaaactggtgaaactcacccagggattggctgaaacgaaaaacatattctcaataaaccctttagggaaataggccaggttttcaccgtaacacgccacatcttgcgaatatatgtgtagaaactgccggaaatcgtcgtggtattcactccagagcgatgaaaacgtttcagtttgctcatggaaaacggtgtaacaagggtgaacactatcccatatcaccagctcaccgtctttcattgccatacgaaattccggatgagcattcatcaggcgggcaagaatgtgaataaaggccggataaaacttgtgcttatttttctttacggtctttaaaaaggccgtaatatccagctgaacggtctggttataggtacattgagcaactgactgaaatgcctcaaaatgttctttacgatgccattgggatatatcaacggtggtatatccagtgatttttttctccattttagcttccttagctcctgaaaatctcgataactcaaaaaatacgcccggtagtgatcttatttcattatggtgaaagttggaacctcttacgtgcccgatcaatcatgaccaaaatcccttaacgtgagttttcgttccactgagcgtcagaccccgtagaaaagatcaaaggatcttcttgagatcctttttttctgcgcgtaatctgctgcttgcaaacaaaaaaaccaccgctaccagcggtggtttgtttgccggatcaagagctaccaactctttttccgaaggtaactggcttcagcagagcgcagataccaaatactgttcttctagtgtagccgtagttaggccaccacttcaagaactctgtagcaccgcctacatacctcgctctgctaatcctgttaccagtggctgctgccagtggcgataagtcgtgtcttaccgggttggactcaagacgatagttaccggataaggcgcagcggtcgggctgaacggggggttcgtgcacacagcccagcttggagcgaacgacctacaccgaactgagatacctacagcgtgagctatgagaaagcgccacgcttcccgaagggagaaaggcggacaggtatccggtaagcggcagggtcggaacaggagagcgcacgagggagcttccagggggaaacgcctggtatctttatagtcctgtcgggtttcgccacctctgacttgagcgtcgatttttgtgatgctcgtcaggggggcggagcctatggaaaaacgccagcaacgcggcctttttacggttcctggccttttgctggccttttgctcacatgttctttcctgcgttatcccctgattctgtggataaccgtag,0,0,0,1,0,0,0,0,0,0,0
pRO182,4a,miniIAA7,Chloramphenicol,ctacatacctcgctctgctaatcctgttaccagtggctgctgccagtggcgataagtcgtgtcttaccgggttggactcaagacgatagttaccggataaggcgcagcggtcgggctgaacggggggttcgtgcacacagcccagcttggagcgaacgacctacaccgaactgagatacctacagcgtgagctatgagaaagcgccacgcttcccgaagggagaaaggcggacaggtatccggtaagcggcagggtcggaacaggagagcgcacgagggagcttccagggggaaacgcctggtatctttatagtcctgtcgggtttcgccacctctgacttgagcgtcgatttttgtgatgctcgtcaggggggcggagcctatggaaaaacgccagcaacgcggcctttttacggttcctggccttttgctggccttttgctcacatgttctttcctgcgttatcccctgattctgtggataaccgtagtcggtctcaatccAAGAGGGGATTTTCTGAGACCGTCGATTTGATGTTAAACCTGCAAAGTAACAAAGAGGGTAGTGTAGACCTGAAGAATGTTTCAGCAGTCCCCAAGGAAAAGACCACCCTAAAGGATCCGTCAAAGCCCCCGGCAAAAGCACAGGTAGTTGGGTGGCCACCGGTGAGAAACTATAGAAAAAACATGATGACTCAGCAAAAGACTTCATCCGGTGCTGAGGAGGCGAGCAGCGAGAAGGCCGGGAATTTCGGTGGAGGTGCCGCAGGGGCAGGCTTGGTAAAAGTCTCTATGGACGGAGCACCTTATTTAAGAAAAGTAGACTTAAAAATGTATAAAtggctgagaccagaccaataaaaaacgcccggcggcaaccgagcgttctgaacaaatccagatggagttctgaggtcattactggatctatcaacaggagtccaagcgagctcgatatcaaattacgccccgccctgccactcatcgcagtactgttgtaattcattaagcattctgccgacatggaagccatcacaaacggcatgatgaacctgaatcgccagcggcatcagcaccttgtcgccttgcgtataatatttgcccatggtgaaaacgggggcgaagaagttgtccatattggccacgtttaaatcaaaactggtgaaactcacccagggattggctgaaacgaaaaacatattctcaataaaccctttagggaaataggccaggttttcaccgtaacacgccacatcttgcgaatatatgtgtagaaactgccggaaatcgtcgtggtattcactccagagcgatgaaaacgtttcagtttgctcatggaaaacggtgtaacaagggtgaacactatcccatatcaccagctcaccgtctttcattgccatacgaaattccggatgagcattcatcaggcgggcaagaatgtgaataaaggccggataaaacttgtgcttatttttctttacggtctttaaaaaggccgtaatatccagctgaacggtctggttataggtacattgagcaactgactgaaatgcctcaaaatgttctttacgatgccattgggatatatcaacggtggtatatccagtgatttttttctccattttagcttccttagctcctgaaaatctcgataactcaaaaaatacgcccggtagtgatcttatttcattatggtgaaagttggaacctcttacgtgcccgatcaatcatgaccaaaatcccttaacgtgagttttcgttccactgagcgtcagaccccgtagaaaagatcaaaggatcttcttgagatcctttttttctgcgcgtaatctgctgcttgcaaacaaaaaaaccaccgctaccagcggtggtttgtttgccggatcaagagctaccaactctttttccgaaggtaactggcttcagcagagcgcagataccaaatactgttcttctagtgtagccgtagttaggccaccacttcaagaactctgtagcaccgc,0,0,0,0,1,0,0,0,0,0,0
pRO183,3,mScarlet,Chloramphenicol,TCGGTCTCATATGgtgtccaaaggcgaagcggtgatcaaagagttcatgcgtttcaaagtccacatggaagggtctatgaatgggcacgaatttgaaatagagggagaaggggagggtagaccttatgaggggacccagaccgcaaaactaaaggttactaaaggaggcccactaccattctcatgggacatcttatcccctcaatttatgtacggttccagagctttcattaagcatcctgcagacataccagactattataaacaaagttttcctgagggcttcaagtgggaaagggttatgaattttgaagacggcggcgcggttaccgtaacccaagacacatcattagaggatggtactttgatctacaaagtcaaactgagaggaacgaattttccgcccgatgggccagtcatgcagaaaaaaacgatgggctgggaggcttccacagaacgtttataccctgaagatggtgttttgaagggcgacatcaaaatggcattgagactaaaagacggtggccgttacctggccgattttaagaccacctacaaggctaagaagcctgtgcaaatgccaggtgcgtacaacgttgacagaaagctagatattacaagtcacaacgaagattatacggtggtggaacaatacgagagatcagagggccgtcattcaactggagggatggatgaactttacaagGGATCCTGAGACCagaccaataaaaaacgcccggcggcaaccgagcgttctgaacaaatccagatggagttctgaggtcattactggatctatcaacaggagtccaagcgagctcgatatcaaattacgccccgccctgccactcatcgcagtactgttgtaattcattaagcattctgccgacatggaagccatcacaaacggcatgatgaacctgaatcgccagcggcatcagcaccttgtcgccttgcgtataatatttgcccatggtgaaaacgggggcgaagaagttgtccatattggccacgtttaaatcaaaactggtgaaactcacccagggattggctgaaacgaaaaacatattctcaataaaccctttagggaaataggccaggttttcaccgtaacacgccacatcttgcgaatatatgtgtagaaactgccggaaatcgtcgtggtattcactccagagcgatgaaaacgtttcagtttgctcatggaaaacggtgtaacaagggtgaacactatcccatatcaccagctcaccgtctttcattgccatacgaaattccggatgagcattcatcaggcgggcaagaatgtgaataaaggccggataaaacttgtgcttatttttctttacggtctttaaaaaggccgtaatatccagctgaacggtctggttataggtacattgagcaactgactgaaatgcctcaaaatgttctttacgatgccattgggatatatcaacggtggtatatccagtgatttttttctccattttagcttccttagctcctgaaaatctcgataactcaaaaaatacgcccggtagtgatcttatttcattatggtgaaagttggaacctcttacgtgcccgatcaatcatgaccaaaatcccttaacgtgagttttcgttccactgagcgtcagaccccgtagaaaagatcaaaggatcttcttgagatcctttttttctgcgcgtaatctgctgcttgcaaacaaaaaaaccaccgctaccagcggtggtttgtttgccggatcaagagctaccaactctttttccgaaggtaactggcttcagcagagcgcagataccaaatactgttcttctagtgtagccgtagttaggccaccacttcaagaactctgtagcaccgcctacatacctcgctctgctaatcctgttaccagtggctgctgccagtggcgataagtcgtgtcttaccgggttggactcaagacgatagttaccggataaggcgcagcggtcgggctgaacggggggttcgtgcacacagcccagcttggagcgaacgacctacaccgaactgagatacctacagcgtgagctatgagaaagcgccacgcttcccgaagggagaaaggcggacaggtatccggtaagcggcagggtcggaacaggagagcgcacgagggagcttccagggggaaacgcctggtatctttatagtcctgtcgggtttcgccacctctgacttgagcgtcgatttttgtgatgctcgtcaggggggcggagcctatggaaaaacgccagcaacgcggcctttttacggttcctggccttttgctggccttttgctcacatgttctttcctgcgttatcccctgattctgtggataaccgtag,0,0,1,1,0,0,0,0,0,0,0
pRO184,3,TIR1,Chloramphenicol,TCGGTCTCATATGATGCAGAAGCGAATAGCCTTGTCGTTTCCAGAAGAGGTACTAGAGCATGTGTTCTCGTTTATTCAGCTGGATAAGGATAGGAACTCAGTCTCTCTGGTGTGCAAGTCATGGTACGAGATCGAGCGGTGGTGCAGGAGGAAAGTCTTCATCGGGAACTGCTACGCCGTGAGTCCAGCGACGGTGATTAGGAGGTTCCCGAAAGTGAGATCCGTGGAGCTTAAAGGAAAACCTCACTTTGCTGACTTTAATTTGGTACCTGACGGATGGGGAGGTTACGTGTATCCATGGATTGAGGCCATGTCTTCGTCTTACACGTGGCTTGAAGAGATAAGGCTGAAGAGGATGGTGGTCACCGACGATTGCTTGGAGCTCATAGCCAAGTCTTTTAAGAATTTTAAGGTTCTTGTGCTTTCTTCCTGCGAAGGCTTCTCCACCGATGGTCTCGCTGCTATCGCTGCCACTTGCAGGAATCTGAAAGAGCTTGACTTACGAGAGAGTGATGTTGACGAGGTTAGTGGCCACTGGCTTAGCCATTTCCCAGATACATACACTTCTTTGGTATCACTCAATATATCTTGCTTAGCATCTGAGGTCAGTTTCTCTGCTCTGGAAAGGCTGGTGACTAGGTGTCCCAATCTCAAGTCTCTCAAGCTTAACCGAGCTGTTCCACTTGAAAAATTGGCTACTTTACTTCAAAGAGCACCTCAATTGGAGGAATTGGGCACTGGTGGGTACACTGCAGAAGTGCGACCAGATGTTTACTCTGGTTTATCTGTAGCGCTCTCTGGGTGCAAGGAATTGAGGTGCTTATCTGGATTTTGGGATGCTGTTCCTGCCTATCTTCCAGCAGTTTATTCGGTTTGCAGTCGGCTTACAACTTTGAATCTGAGTTATGCAACAGTCCAGAGCTATGATCTTGTCAAGCTTCTTTGTCAATGCCCTAAACTGCAGCGCCTCTGGGTGCTTGACTACATCGAGGATGCTGGTCTTGAGGTGCTTGCTTCAACCTGCAAGGACCTACGCGAGCTGAGAGTGTTTCCGTCCGAGCCTTTTGTCATGGAACCAAATGTGGCATTGACGGAACAGGGGCTTGTCTCCGTCTCCATGGGCTGTCCAAAACTCGAGTCGGTTCTCTACTTCTGCCGTCAAATGACCAATGCTGCATTGATAACCATTGCTAGGAACCGTCCCAACATGACTCGCTTCCGTTTGTGCATCATTGAGCCAAAAGCCCCAGACTATCTGACTCTAGAGCCACTGGATATTGGATTTGGAGCCATAGTAGAGCACTGCAAGGATCTCCGTCGCCTCTCTCTATCTGGCCTCTTGACCGACAAGGTTTTTGAATACATTGGGACATATGCCAAGAAGATGGAAATGCTCTCAGTGGCATTTGCAGGAGACAGTGACTTAGGCTTGCATCATGTTTTGTCCGGGTGCGATAGCTTGAGGAAACTAGAGATAAGGGACTGCCCGTTTGGAGACAAGGCGCTTTTGGCCAATGCTTCAAAGCTGGAGACAATGCGATCCCTTTGGATGTCTTCTTGTTCCGTGAGTTTTGGAGCCTGCAAGTTACTAGGACAGAAGATGCCAAAGCTGAATGTGGAAGTCATCGATGAACGGGGTGCACCGGACTCGAGACCAGAGAGCTGCCCTGTTGAGAGAGTCTTCATATACCGAACAGTGGCTGGTCCTCGATTTGACATGCCTGGCTTCGTCTGGAACATGGACCAAGACTCAACAATGAGGTTTTCCAGGCAAATCATTACTACTAACGGATTAGGATCCTGAGACCagaccaataaaaaacgcccggcggcaaccgagcgttctgaacaaatccagatggagttctgaggtcattactggatctatcaacaggagtccaagcgagctcgatatcaaattacgccccgccctgccactcatcgcagtactgttgtaattcattaagcattctgccgacatggaagccatcacaaacggcatgatgaacctgaatcgccagcggcatcagcaccttgtcgccttgcgtataatatttgcccatggtgaaaacgggggcgaagaagttgtccatattggccacgtttaaatcaaaactggtgaaactcacccagggattggctgaaacgaaaaacatattctcaataaaccctttagggaaataggccaggttttcaccgtaacacgccacatcttgcgaatatatgtgtagaaactgccggaaatcgtcgtggtattcactccagagcgatgaaaacgtttcagtttgctcatggaaaacggtgtaacaagggtgaacactatcccatatcaccagctcaccgtctttcattgccatacgaaattccggatgagcattcatcaggcgggcaagaatgtgaataaaggccggataaaacttgtgcttatttttctttacggtctttaaaaaggccgtaatatccagctgaacggtctggttataggtacattgagcaactgactgaaatgcctcaaaatgttctttacgatgccattgggatatatcaacggtggtatatccagtgatttttttctccattttagcttccttagctcctgaaaatctcgataactcaaaaaatacgcccggtagtgatcttatttcattatggtgaaagttggaacctcttacgtgcccgatcaatcatgaccaaaatcccttaacgtgagttttcgttccactgagcgtcagaccccgtagaaaagatcaaaggatcttcttgagatcctttttttctgcgcgtaatctgctgcttgcaaacaaaaaaaccaccgctaccagcggtggtttgtttgccggatcaagagctaccaactctttttccgaaggtaactggcttcagcagagcgcagataccaaatactgttcttctagtgtagccgtagttaggccaccacttcaagaactctgtagcaccgcctacatacctcgctctgctaatcctgttaccagtggctgctgccagtggcgataagtcgtgtcttaccgggttggactcaagacgatagttaccggataaggcgcagcggtcgggctgaacggggggttcgtgcacacagcccagcttggagcgaacgacctacaccgaactgagatacctacagcgtgagctatgagaaagcgccacgcttcccgaagggagaaaggcggacaggtatccggtaagcggcagggtcggaacaggagagcgcacgagggagcttccagggggaaacgcctggtatctttatagtcctgtcgggtttcgccacctctgacttgagcgtcgatttttgtgatgctcgtcaggggggcggagcctatggaaaaacgccagcaacgcggcctttttacggttcctggccttttgctggccttttgctcacatgttctttcctgcgttatcccctgattctgtggataaccgtag,0,0,0,0,0,0,0,0,0,0,0
pRO185,2,pGAL1p3-tetO6,Chloramphenicol,tcgctctgctaatcctgttaccagtggctgctgccagtggcgataagtcgtgtcttaccgggttggactcaagacgatagttaccggataaggcgcagcggtcgggctgaacggggggttcgtgcacacagcccagcttggagcgaacgacctacaccgaactgagatacctacagcgtgagctatgagaaagcgccacgcttcccgaagggagaaaggcggacaggtatccggtaagcggcagggtcggaacaggagagcgcacgagggagcttccagggggaaacgcctggtatctttatagtcctgtcgggtttcgccacctctgacttgagcgtcgatttttgtgatgctcgtcaggggggcggagcctatggaaaaacgccagcaacgcggcctttttacggttcctggccttttgctggccttttgctcacatgttctttcctgcgttatcccctgattctgtggataaccgtagtcggtctcaaacgttatattgaattttcaaaaattcttactttttttttggatggacgcaaagaagtttaataatcatattacatggcattaccaccatatacatatccatatctaatcttacttatatgttgtggaaatgtaaagagccccattatcttagcctaaaaaaaccttccctatcagtgatagagatctctttggaactttcagtaatacgctttccctatcagtgatagagaaactgctcattgctatattgaagtccgtgcgtcctcgtcttcaccggtcgcgttcctgaaacgcagatgtgcctaacaataaagattctatccctatcagtgatagagacaatactagcttttatggttatgatccctatcagtgatagagaagaggaaaaattggcagtaacctccctatcagtgatagagatggccccacaaaccttcaaattaacgaatcaaattaactccctatcagtgatagagaaaccataggatgataatgcgattagttttttagccttatttctggggtaattaatcagcgaagcgatgatttttgatctattaacagatatataaatggaaaagctgcataaccactttaactaatactttcaacattttcagtttgtattacttcttattcaaatgtcataaaagtatcaacaaaaaattgttaatatacctctatactttaacgtcaaggagaaaaaactataAGATCtatgtgagaccagaccaataaaaaacgcccggcggcaaccgagcgttctgaacaaatccagatggagttctgaggtcattactggatctatcaacaggagtccaagcgagctcgatatcaaattacgccccgccctgccactcatcgcagtactgttgtaattcattaagcattctgccgacatggaagccatcacaaacggcatgatgaacctgaatcgccagcggcatcagcaccttgtcgccttgcgtataatatttgcccatggtgaaaacgggggcgaagaagttgtccatattggccacgtttaaatcaaaactggtgaaactcacccagggattggctgaaacgaaaaacatattctcaataaaccctttagggaaataggccaggttttcaccgtaacacgccacatcttgcgaatatatgtgtagaaactgccggaaatcgtcgtggtattcactccagagcgatgaaaacgtttcagtttgctcatggaaaacggtgtaacaagggtgaacactatcccatatcaccagctcaccgtctttcattgccatacgaaattccggatgagcattcatcaggcgggcaagaatgtgaataaaggccggataaaacttgtgcttatttttctttacggtctttaaaaaggccgtaatatccagctgaacggtctggttataggtacattgagcaactgactgaaatgcctcaaaatgttctttacgatgccattgggatatatcaacggtggtatatccagtgatttttttctccattttagcttccttagctcctgaaaatctcgataactcaaaaaatacgcccggtagtgatcttatttcattatggtgaaagttggaacctcttacgtgcccgatcaatcatgaccaaaatcccttaacgtgagttttcgttccactgagcgtcagaccccgtagaaaagatcaaaggatcttcttgagatcctttttttctgcgcgtaatctgctgcttgcaaacaaaaaaaccaccgctaccagcggtggtttgtttgccggatcaagagctaccaactctttttccgaaggtaactggcttcagcagagcgcagataccaaatactgttcttctagtgtagccgtagttaggccaccacttcaagaactctgtagcaccgcctacatacc,0,1,0,0,0,0,0,0,0,0,0
pRO186,2,pGAL1p3-PhlFO6,Chloramphenicol,tcgctctgctaatcctgttaccagtggctgctgccagtggcgataagtcgtgtcttaccgggttggactcaagacgatagttaccggataaggcgcagcggtcgggctgaacggggggttcgtgcacacagcccagcttggagcgaacgacctacaccgaactgagatacctacagcgtgagctatgagaaagcgccacgcttcccgaagggagaaaggcggacaggtatccggtaagcggcagggtcggaacaggagagcgcacgagggagcttccagggggaaacgcctggtatctttatagtcctgtcgggtttcgccacctctgacttgagcgtcgatttttgtgatgctcgtcaggggggcggagcctatggaaaaacgccagcaacgcggcctttttacggttcctggccttttgctggccttttgctcacatgttctttcctgcgttatcccctgattctgtggataaccgtagtcggtctcaaacgttatattgaattttcaaaaattcttactttttttttggatggacgcaaagaagtttaataatcatattacatggcattaccaccatatacatatccatatctaatcttacttatatgttgtggaaatgtaaagagccccattatcttagcctaaaaaaacctATGATACGAAACGTACCGTATCGTTAAGGTtctctttggaactttcagtaatacgcttATGATACGAAACGTACCGTATCGTTAAGGTaactgctcattgctatattgaagtccgtgcgtcctcgtcttcaccggtcgcgttcctgaaacgcagatgtgcctaacaataaagattctaATGATACGAAACGTACCGTATCGTTAAGGTcaatactagcttttatggttatgaATGATACGAAACGTACCGTATCGTTAAGGTagaggaaaaattggcagtaaccATGATACGAAACGTACCGTATCGTTAAGGTtggccccacaaaccttcaaattaacgaatcaaattaacATGATACGAAACGTACCGTATCGTTAAGGTaaccataggatgataatgcgattagttttttagccttatttctggggtaattaatcagcgaagcgatgatttttgatctattaacagatatataaatggaaaagctgcataaccactttaactaatactttcaacattttcagtttgtattacttcttattcaaatgtcataaaagtatcaacaaaaaattgttaatatacctctatactttaacgtcaaggagaaaaaactataAGATCtatgtgagaccagaccaataaaaaacgcccggcggcaaccgagcgttctgaacaaatccagatggagttctgaggtcattactggatctatcaacaggagtccaagcgagctcgatatcaaattacgccccgccctgccactcatcgcagtactgttgtaattcattaagcattctgccgacatggaagccatcacaaacggcatgatgaacctgaatcgccagcggcatcagcaccttgtcgccttgcgtataatatttgcccatggtgaaaacgggggcgaagaagttgtccatattggccacgtttaaatcaaaactggtgaaactcacccagggattggctgaaacgaaaaacatattctcaataaaccctttagggaaataggccaggttttcaccgtaacacgccacatcttgcgaatatatgtgtagaaactgccggaaatcgtcgtggtattcactccagagcgatgaaaacgtttcagtttgctcatggaaaacggtgtaacaagggtgaacactatcccatatcaccagctcaccgtctttcattgccatacgaaattccggatgagcattcatcaggcgggcaagaatgtgaataaaggccggataaaacttgtgcttatttttctttacggtctttaaaaaggccgtaatatccagctgaacggtctggttataggtacattgagcaactgactgaaatgcctcaaaatgttctttacgatgccattgggatatatcaacggtggtatatccagtgatttttttctccattttagcttccttagctcctgaaaatctcgataactcaaaaaatacgcccggtagtgatcttatttcattatggtgaaagttggaacctcttacgtgcccgatcaatcatgaccaaaatcccttaacgtgagttttcgttccactgagcgtcagaccccgtagaaaagatcaaaggatcttcttgagatcctttttttctgcgcgtaatctgctgcttgcaaacaaaaaaaccaccgctaccagcggtggtttgtttgccggatcaagagctaccaactctttttccgaaggtaactggcttcagcagagcgcagataccaaatactgttcttctagtgtagccgtagttaggccaccacttcaagaactctgtagcaccgcctacatacc,0,1,0,0,0,0,0,0,0,0,0
pRO187,2,pGAL1p3-CymRO6,Chloramphenicol,tcgctctgctaatcctgttaccagtggctgctgccagtggcgataagtcgtgtcttaccgggttggactcaagacgatagttaccggataaggcgcagcggtcgggctgaacggggggttcgtgcacacagcccagcttggagcgaacgacctacaccgaactgagatacctacagcgtgagctatgagaaagcgccacgcttcccgaagggagaaaggcggacaggtatccggtaagcggcagggtcggaacaggagagcgcacgagggagcttccagggggaaacgcctggtatctttatagtcctgtcgggtttcgccacctctgacttgagcgtcgatttttgtgatgctcgtcaggggggcggagcctatggaaaaacgccagcaacgcggcctttttacggttcctggccttttgctggccttttgctcacatgttctttcctgcgttatcccctgattctgtggataaccgtagtcggtctcaaacgttatattgaattttcaaaaattcttactttttttttggatggacgcaaagaagtttaataatcatattacatggcattaccaccatatacatatccatatctaatcttacttatatgttgtggaaatgtaaagagccccattatcttagcctaaaaaaacctaacaaacagacaatctggtctgtttgtatctctttggaactttcagtaatacgcttaacaaacagacaatctggtctgtttgtaaactgctcattgctatattgaagtccgtgcgtcctcgtcttcaccggtcgcgttcctgaaacgcagatgtgcctaacaataaagattctaaacaaacagacaatctggtctgtttgtacaatactagcttttatggttatgaaacaaacagacaatctggtctgtttgtaagaggaaaaattggcagtaaccaacaaacagacaatctggtctgtttgtatggccccacaaaccttcaaattaacgaatcaaattaacaacaaacagacaatctggtctgtttgtaaaccataggatgataatgcgattagttttttagccttatttctggggtaattaatcagcgaagcgatgatttttgatctattaacagatatataaatggaaaagctgcataaccactttaactaatactttcaacattttcagtttgtattacttcttattcaaatgtcataaaagtatcaacaaaaaattgttaatatacctctatactttaacgtcaaggagaaaaaactataAGATCtatgtgagaccagaccaataaaaaacgcccggcggcaaccgagcgttctgaacaaatccagatggagttctgaggtcattactggatctatcaacaggagtccaagcgagctcgatatcaaattacgccccgccctgccactcatcgcagtactgttgtaattcattaagcattctgccgacatggaagccatcacaaacggcatgatgaacctgaatcgccagcggcatcagcaccttgtcgccttgcgtataatatttgcccatggtgaaaacgggggcgaagaagttgtccatattggccacgtttaaatcaaaactggtgaaactcacccagggattggctgaaacgaaaaacatattctcaataaaccctttagggaaataggccaggttttcaccgtaacacgccacatcttgcgaatatatgtgtagaaactgccggaaatcgtcgtggtattcactccagagcgatgaaaacgtttcagtttgctcatggaaaacggtgtaacaagggtgaacactatcccatatcaccagctcaccgtctttcattgccatacgaaattccggatgagcattcatcaggcgggcaagaatgtgaataaaggccggataaaacttgtgcttatttttctttacggtctttaaaaaggccgtaatatccagctgaacggtctggttataggtacattgagcaactgactgaaatgcctcaaaatgttctttacgatgccattgggatatatcaacggtggtatatccagtgatttttttctccattttagcttccttagctcctgaaaatctcgataactcaaaaaatacgcccggtagtgatcttatttcattatggtgaaagttggaacctcttacgtgcccgatcaatcatgaccaaaatcccttaacgtgagttttcgttccactgagcgtcagaccccgtagaaaagatcaaaggatcttcttgagatcctttttttctgcgcgtaatctgctgcttgcaaacaaaaaaaccaccgctaccagcggtggtttgtttgccggatcaagagctaccaactctttttccgaaggtaactggcttcagcagagcgcagataccaaatactgttcttctagtgtagccgtagttaggccaccacttcaagaactctgtagcaccgcctacatacc,0,1,0,0,0,0,0,0,0,0,0
pRO188,2,pGAL1p3-QO6,Chloramphenicol,caaaaaatacgcccggtagtgatcttatttcattatggtgaaagttggaacctcttacgtgcccgatcaatcatgaccaaaatcccttaacgtgagttttcgttccactgagcgtcagaccccgtagaaaagatcaaaggatcttcttgagatcctttttttctgcgcgtaatctgctgcttgcaaacaaaaaaaccaccgctaccagcggtggtttgtttgccggatcaagagctaccaactctttttccgaaggtaactggcttcagcagagcgcagataccaaatactgttcttctagtgtagccgtagttaggccaccacttcaagaactctgtagcaccgcctacatacctcgctctgctaatcctgttaccagtggctgctgccagtggcgataagtcgtgtcttaccgggttggactcaagacgatagttaccggataaggcgcagcggtcgggctgaacggggggttcgtgcacacagcccagcttggagcgaacgacctacaccgaactgagatacctacagcgtgagctatgagaaagcgccacgcttcccgaagggagaaaggcggacaggtatccggtaagcggcagggtcggaacaggagagcgcacgagggagcttccagggggaaacgcctggtatctttatagtcctgtcgggtttcgccacctctgacttgagcgtcgatttttgtgatgctcgtcaggggggcggagcctatggaaaaacgccagcaacgcggcctttttacggttcctggccttttgctggccttttgctcacatgttctttcctgcgttatcccctgattctgtggataaccgtagtcggtctcaaacgttatattgaattttcaaaaattcttactttttttttggatggacgcaaagaagtttaataatcatattacatggcattaccaccatatacatatccatatctaatcttacttatatgttgtggaaatgtaaagagccccattatcttagcctaaaaaaacctgggtaatcgcttatcctctctttggaactttcagtaatacgcttggataaacaattatccaactgctcattgctatattgaagtccgtgcgtcctcgtcttcaccggtcgcgttcctgaaacgcagatgtgcctaacaataaagattctagggtaatcgcttatcccaatactagcttttatggttatgagggtaatcgcttatccagaggaaaaattggcagtaaccgggtaatcgcttatcctggccccacaaaccttcaaattaacgaatcaaattaacgggtaatcgcttatccaaccataggatgataatgcgattagttttttagccttatttctggggtaattaatcagcgaagcgatgatttttgatctattaacagatatataaatggaaaagctgcataaccactttaactaatactttcaacattttcagtttgtattacttcttattcaaatgtcataaaagtatcaacaaaaaattgttaatatacctctatactttaacgtcaaggagaaaaaactataAGATCtatgtgagaccagaccaataaaaaacgcccggcggcaaccgagcgttctgaacaaatccagatggagttctgaggtcattactggatctatcaacaggagtccaagcgagctcgatatcaaattacgccccgccctgccactcatcgcagtactgttgtaattcattaagcattctgccgacatggaagccatcacaaacggcatgatgaacctgaatcgccagcggcatcagcaccttgtcgccttgcgtataatatttgcccatggtgaaaacgggggcgaagaagttgtccatattggccacgtttaaatcaaaactggtgaaactcacccagggattggctgaaacgaaaaacatattctcaataaaccctttagggaaataggccaggttttcaccgtaacacgccacatcttgcgaatatatgtgtagaaactgccggaaatcgtcgtggtattcactccagagcgatgaaaacgtttcagtttgctcatggaaaacggtgtaacaagggtgaacactatcccatatcaccagctcaccgtctttcattgccatacgaaattccggatgagcattcatcaggcgggcaagaatgtgaataaaggccggataaaacttgtgcttatttttctttacggtctttaaaaaggccgtaatatccagctgaacggtctggttataggtacattgagcaactgactgaaatgcctcaaaatgttctttacgatgccattgggatatatcaacggtggtatatccagtgatttttttctccattttagcttccttagctcctgaaaatctcgataact,0,1,0,0,0,0,0,0,0,0,0